file,omega_rpm,axial_depth_m,boundary_m,label,kurtosis_1st_derivative,ar_coeff_2,d2_energy,skewness_1st_derivative,multi_axis_energy_asymmetry,d3_d4_subband_energy_ratio,coherence_at_dominant_resonant,impulse_factor,cross_axis_peak_delay,cross_spectral_centroid,phase_space_ellipsicity,bivariate_orbit_radius_ratio
time1_1.h5,2000.0,0.001,0.0014729720492096473,0,2.155816171286049,-0.8939340131195967,1524.831973467099,2.2390677122601064,-0.46433387242170027,0.27628195502421604,0.9999882785576811,2.1887002120589663,0.0004787234042553656,169.75790019437775,0.7822360861719886,0.20302983032406222
time1_2.h5,2000.0,0.002,0.0014729720492096473,1,1.8489820899768055,-2.057634660923235,117171.29445317075,-0.9194919814770594,-0.3879911274533685,0.30428579686099466,0.9997597275995522,3.6453046583427136,0.007898936170213533,272.06629386395696,0.7406175187396448,0.264464098454869
time1_3.h5,2000.0,0.003,0.0014729720492096473,1,1.8866467551301305,-1.7227488129674606,2034182.6309689973,-0.09193922781509148,-0.31384226704968554,0.42974387147966897,0.998808745346045,7.108367288041168,0.02194148936170426,472.861163295176,0.7464232561222391,0.23590515140014034
time1_4.h5,2500.0,0.001,0.00486265734176468,0,1.5843200920836018,-0.9198310241926203,2589.5278990139886,2.1240941469303896,-0.47818878180071345,0.3403718105322372,0.999357592355169,2.184772585597008,0.0003999999999999837,210.75363495817945,0.7315378471412539,0.18669412859704662
time1_5.h5,2500.0,0.002,0.00486265734176468,0,1.627311656557406,-0.8133096386967115,1641.8408584069257,0.8972099552292089,-0.4630179778966318,0.15106700240006568,0.9977076925484244,2.3078501790358055,0.00047999999999998044,186.7137990981393,0.7273077620729989,0.19398374912197144
time1_6.h5,2500.0,0.003,0.00486265734176468,0,1.6225492462084086,-0.8091825670687526,1839.5708436002571,0.5649429727757593,-0.45261294860734935,0.09480092759151161,0.9955156999482756,2.3169687482593746,0.00047999999999998044,178.14973110924092,0.72369484446229,0.20812210519253602
time1_7.h5,2500.0,0.004,0.00486265734176468,0,1.6961283378280774,-0.8499657211379399,1899.0104891911678,0.3856018471174959,-0.44352170438453037,0.08383105928939732,0.9912549894869437,2.207567690043588,0.0005599999999999772,173.27024649070344,0.7175601919116171,0.2359013911690669
time1_8.h5,2500.0,0.005,0.00486265734176468,1,2.2191284625835745,-1.9995799752113548,4698.019389118361,-0.28807942850254586,-0.4318694084367821,0.23958937829274238,0.9999940740938316,2.1310447579579996,0.005439999999999778,175.22534640010312,0.8058569759150734,0.30235883358439936
time1_9.h5,2500.0,0.006,0.00486265734176468,1,1.8626178314312736,-2.310832076486366,115687.12175180051,-0.8180549758376682,-0.39536272062673705,0.28612771099588025,0.9999561543746063,2.8520380029888885,0.005519999999999775,257.13768020516545,0.8534295662343017,0.32450029672380487
time1_10.h5,3000.0,0.001,0.00122736072758267,0,3.0214866004008383,-0.9296863977436541,4039.1489395892304,1.7797535628860321,-0.469230530065154,0.34442893291420257,0.9999998339602063,2.167070730960157,0.00032258064516129043,247.24831977750011,0.8492340870912825,0.2744067634444863
time1_11.h5,3000.0,0.002,0.00122736072758267,1,1.6906917967477133,-1.9300002863124297,110084.4386098405,-0.2189599215931963,-0.3926200016975118,0.45543187397524554,0.9995640216008769,3.7622447821688834,0.019596774193548393,371.9352125195045,0.774022877938646,0.25868304010486043
time1_12.h5,3000.0,0.003,0.00122736072758267,1,1.701940669838142,-1.7892108012771724,1497923.3172647106,0.3794462921274934,-0.34597835420354406,0.6088954829700781,0.9993032158503026,6.757600994221931,0.009758064516129036,539.4176429089036,0.7817504549457325,0.2387884578291182
time1_13.h5,3500.0,0.001,0.0037118327626069485,0,1.5822433734429109,-0.9490672745218478,5170.846590347619,1.9937167508906029,-0.482346618264197,0.3100685480856486,0.9999694270965414,2.122059230138656,0.000317460317460317,294.53794246235634,0.7164362593915852,0.1982307685676364
time1_14.h5,3500.0,0.002,0.0037118327626069485,0,2.0097721449966826,-0.8748535513582695,3810.2175671700415,0.9544548149653349,-0.4692337853473978,0.19819046246012983,0.9998694098257283,2.2141805753978474,0.000317460317460317,264.4720357323798,0.6813052704263581,0.20576919207966318
time1_15.h5,3500.0,0.003,0.0037118327626069485,0,2.7587893087978053,-0.8332529749577895,3356.2749934171206,0.575255231106649,-0.458048540177138,0.10488638003182618,0.9997243873637989,2.304823245449952,0.0003968253968253963,250.7125022396774,0.6430620735567413,0.2172158669091628
time1_16.h5,3500.0,0.004,0.0037118327626069485,1,1.9424344592201228,-2.1684803215292963,24824.620564866913,-0.7806831978518288,-0.4317350142903652,0.2996195296105119,0.9999782754023597,2.4114297843512618,0.003888888888888884,270.82387710000756,0.809077827012011,0.34537368480480635
time1_17.h5,3500.0,0.005,0.0037118327626069485,1,1.9164838009496126,-2.1392132884661086,256809.97981966674,-0.9224720248978862,-0.3797982711149533,0.3700945967173572,0.9998823769651475,3.5036967656912044,0.0038095238095238048,368.50265551097675,0.8182754851997477,0.34767042577161933
time1_18.h5,4000.0,0.001,0.0026254736930035327,0,3.5082072237212314,-0.9502165406522272,7209.149733733466,1.8078036244143487,-0.47166414004493745,0.2117397514144548,0.9999385798503457,2.143957402693213,0.0002393617021276828,331.98129701979946,0.751792971331903,0.20110580944767448
time1_19.h5,4000.0,0.002,0.0026254736930035327,0,6.27619526659585,-0.9148843171734703,6448.7732130896475,1.0179316442582942,-0.46128045732991646,0.15549630073379325,0.9998138908006144,2.231000738049812,0.0002393617021276828,305.82277210794695,0.736641778105077,0.21492356753928457
time1_20.h5,4000.0,0.003,0.0026254736930035327,1,2.2842806982365826,-1.5732355968544474,20141.885077837956,-0.47621640293340484,-0.4383607251026374,0.2348743937460081,0.9995102297456795,2.529543238516643,0.004069148936170608,301.76441390502805,0.7243403448272369,0.3821179345547302
time1_21.h5,4000.0,0.004,0.0026254736930035327,1,1.768587405913218,-1.9128016588558139,899708.5038291571,-0.707880820709227,-0.34427863236596706,0.5908606103058153,0.9997258180152766,4.665392853596125,0.007898936170213533,475.0966935001727,0.7318223490919914,0.2717672615874066
time1_22.h5,4500.0,0.001,0.0012660557382003584,0,4.4488556462673685,-0.9753671082213382,6186.749893920572,2.2573461681853075,-0.4898352868166597,0.14486009558145305,0.999999999468649,2.1737362613325617,0.00023809523809520392,391.1175329762624,0.6408884499775931,0.28625340457504433
time1_23.h5,4500.0,0.002,0.0012660557382003584,1,1.6985644424849453,-1.6492467358963305,307077.1247088865,-0.609526547856934,-0.3804496190489972,0.6495610837756852,0.9990500329638569,4.723149577990918,0.013650793650791693,534.6254256196381,0.7422574677864564,0.24728909712680502
time1_24.h5,4500.0,0.003,0.0012660557382003584,1,1.6573987799263306,-1.552912484517832,1679877.4267081234,0.22673448099597399,-0.36016667122278984,0.7873983029638363,0.9983159865286938,6.184617621729568,0.013650793650791693,649.7282736861232,0.7472830377695303,0.23603740031149834
time1_25.h5,5000.0,0.001,0.0012467600519764047,0,2.5171815225481997,-0.9735372314119144,7538.763170325113,2.160093372164989,-0.4769994001242402,0.1079673981263051,0.9999999991024019,2.2650523017190207,0.00023684210526320193,432.41933485313893,0.57075640222606,0.2792140351327051
time1_26.h5,5000.0,0.002,0.0012467600519764047,1,1.7407415818706264,-1.6185076567528383,64782.15807748509,-0.5105330059929073,-0.4195408782079582,0.4185170721502953,0.9992606890604192,3.2793376824752283,0.01176315789473903,461.9257657190996,0.7458801321813737,0.271575084385359
time1_27.h5,5000.0,0.003,0.0012467600519764047,1,1.6478525322926372,-1.689825011456048,1029774.8686280537,0.47702192997968673,-0.3632769913804956,0.7187622995869407,0.9996151667109969,5.306455452735263,0.005842105263158981,621.5890548714327,0.7600775752829368,0.2293330153085159
time1_28.h5,5500.0,0.001,0.0017359116151273064,0,1.5393168333122362,-0.96911718291504,11969.057647500638,2.065749821433586,-0.4608660987659832,0.08312739101126064,0.9999999973591425,2.2290481813264122,0.00016042780748662389,472.8868807886456,0.5570318012745916,0.26726180844561387
time1_29.h5,5500.0,0.002,0.0017359116151273064,1,2.0938306359143968,-1.1620677808567061,26890.655397753057,0.2857707328442046,-0.4367112431444613,0.12811644016762144,0.9999918386100902,2.417950018389857,0.00016042780748662389,430.0539861319551,0.7216821544853388,0.3112882202423032
time1_30.h5,5500.0,0.003,0.0017359116151273064,1,1.809918337280726,-1.7913869726444174,362287.0656120072,-1.3184085874705547,-0.3564824159124009,0.444764510226454,0.9995660407803325,4.21563775502028,0.005695187165775148,527.9955582463072,0.7765514072367297,0.22145404232846194
time1_31.h5,6000.0,0.001,0.0029457126545122288,0,1.508265192854826,-0.9653932767256891,14300.128819202531,1.8950842620373476,-0.45901827347772983,0.06978601649585688,0.9999999858885059,2.2496252614996735,0.00016129032258063725,508.9429143534228,0.57744332293869,0.2648303269003048
time1_32.h5,6000.0,0.002,0.0029457126545122288,0,1.7426103832846618,-0.8934570393826718,22061.860705412942,0.9015012580799385,-0.4424005275992522,0.057570474133859684,0.999999965455873,2.358989013971161,0.00016129032258063725,450.59076092423675,0.5760331931846882,0.2659481836944715
time1_33.h5,6000.0,0.003,0.0029457126545122288,1,2.004032399051218,-0.8686682676837199,20207.144166921826,0.6575285259948564,-0.4351555675483526,0.052389637230499886,0.9999999405912526,2.3971735915295818,0.00016129032258063725,436.49002500048965,0.580750747772694,0.26720692831762144
time1_34.h5,6000.0,0.004,0.0029457126545122288,1,2.0051402230874276,-1.7920783088742442,117696.40614147714,-0.7092838527965464,-0.3907406264691763,0.21751782183269988,0.9999169299707589,2.8537425972488863,0.00016129032258063725,469.1996867509567,0.7643074312313417,0.30334692938866625
time1_35.h5,6000.0,0.005,0.0029457126545122288,1,1.8402838671040134,-1.7649457476712485,642700.4040420502,-0.7522223055944048,-0.33386333158741927,0.40453422033499964,0.9999092576864264,3.985208069903981,8.064516129031862e-05,545.2463196722281,0.8025070748153131,0.2538019091795741
time1_36.h5,6500.0,0.001,0.005340597669805986,0,1.5337806677102301,-0.9644366559630467,15102.854809237338,1.6366382612161734,-0.4761806677673657,0.06326374038040218,0.9999998571887919,2.179330352952485,0.00015915119363396624,539.4906800974364,0.6083474617449054,0.27347252491674484
time1_37.h5,6500.0,0.002,0.005340597669805986,0,1.5216539624863683,-0.9241741021404469,22133.149578835662,1.0675547710948734,-0.46704193011233874,0.059084173348712396,0.9999997798980631,2.226659046586721,0.00015915119363396624,502.55640353491054,0.6076943579524812,0.27396077213029885
time1_38.h5,6500.0,0.003,0.005340597669805986,0,1.5182661925240732,-0.8159913132991778,20395.241309029872,0.5819946070095517,-0.4520754649688078,0.04953190362271188,0.9999995139264436,2.255157028505661,0.00015915119363396624,466.2250364208325,0.606603748940001,0.2745996475503562
time1_39.h5,6500.0,0.004,0.005340597669805986,0,1.584856541606311,-0.6692149698194474,12553.015623150186,0.3491146674876727,-0.43969748850983226,0.04261179738046295,0.999999150188579,2.2582293773068107,0.00023872679045094936,449.51233488252876,0.6063149782935396,0.2750226833972545
time1_40.h5,6500.0,0.005,0.005340597669805986,0,1.651775943538682,-0.6110841282411353,12745.833915790474,0.25842829119046323,-0.4341689710242387,0.0414308885486124,0.9999989300104838,2.355353258516465,0.00023872679045094936,445.2130986098192,0.6073097447207965,0.27532456793754606
time1_41.h5,6500.0,0.006,0.005340597669805986,1,2.331003615561934,-1.7347891362509458,86083.00487096446,-0.44266610336390116,-0.41165157860273516,0.1151151781991847,0.999997938628049,2.661879079366201,0.007161803713528481,464.10128534759247,0.6678062966610894,0.28709393596186195
time1_42.h5,6500.0,0.007,0.005340597669805986,1,2.0767992343327126,-2.0286900247772297,468144.7703207792,-0.8438038098864034,-0.3648264845876054,0.2828230088008532,0.9999959969232225,3.3464905582404945,0.007161803713528481,528.9448544343317,0.766087324559964,0.30307013074799016
time1_43.h5,7000.0,0.001,0.00913760235676533,0,1.525784187886122,-0.963057985063746,15682.237930913478,1.3589128288701682,-0.49538956611784696,0.06575750360747926,0.9999917844267672,2.0900587926097676,0.00015873015873013596,567.7544394600942,0.6591832296593557,0.2840960954912673
time1_44.h5,7000.0,0.002,0.00913760235676533,0,1.5202282885389427,-0.9167926774354894,22796.152447054854,0.8738164978480437,-0.4859772312697768,0.0631378329636358,0.9999874897870293,2.0957939774529417,0.00015873015873013596,531.2071614345801,0.6589949653595109,0.28474252927538635
time1_45.h5,7000.0,0.003,0.00913760235676533,0,1.5205156084177605,-0.7637647050754905,19293.071626292553,0.47201860206021,-0.4707614659088777,0.05719476035783927,0.9999758697055602,2.0522302192706277,0.00015873015873013596,495.76582941892815,0.6587235426253678,0.28575898372630004
time1_46.h5,7000.0,0.004,0.00913760235676533,0,1.5223426716983872,-0.646024774445095,14849.60350942916,0.3679942484393186,-0.46433058967572804,0.05452804970360989,0.9999687240235747,2.0201028709301823,0.00023809523809520392,486.44616238473674,0.6586110848230936,0.2861325074720575
time1_47.h5,7000.0,0.005,0.00913760235676533,0,1.526411512902571,-0.6812971689342249,14536.01166848388,0.23257789850002922,-0.4533401956886955,0.05079205187716243,0.9999517375183666,2.000785260705433,0.00023809523809520392,476.80285177814955,0.6585074250242758,0.2866776052215551
time1_48.h5,7000.0,0.006,0.00913760235676533,0,1.528794898954619,-0.692596225741674,18361.471649769268,0.1853789451677286,-0.4486884705735026,0.049755873433156746,0.9999420151537916,1.987665204274576,0.00023809523809520392,475.12430279898007,0.6585232798828137,0.2868714985345001
time1_49.h5,7000.0,0.007,0.00913760235676533,0,1.5362310915327766,-0.8514954624140281,23574.410256848634,0.0948830158112156,-0.44083969290210734,0.04896439982883439,0.9999189312373268,1.9672960233636911,0.00023809523809520392,472.9077190765075,0.6586558161539736,0.2871532487500276
time1_50.h5,7000.0,0.008,0.00913760235676533,0,1.5497498325260521,-0.8111734457619697,25309.941626556465,-0.0033130023177142254,-0.43430936930419994,0.050611480471957036,0.9998887205120337,2.0093772624881354,0.00023809523809520392,472.3895366330035,0.6591601457512197,0.28742393500787194
time1_51.h5,7000.0,0.009,0.00913760235676533,0,1.6363801655649897,-1.1708937354487907,50237.416999452864,-0.2167328747791145,-0.4286614218768567,0.0711677487136916,0.9998688239274695,2.079076086771433,0.0019047619047616313,478.7565750737845,0.6638127267232822,0.2883900662611561
time1_52.h5,7000.0,0.009999999999999998,0.00913760235676533,1,2.132916110541343,-1.6713230658546934,247510.05471461182,-0.5994675564032246,-0.40247656252022135,0.1780282013535423,0.9998131335601764,2.4015186256887238,0.0019047619047616313,522.8692240464146,0.7046733678984298,0.2965635269293124
time1_53.h5,7500.0,0.001,0.014106855697582374,0,1.5586164544029244,-0.030479281597799,7984.711478162379,2.953941592183021,-0.4698691599104823,0.09076952217491192,0.9997277394241256,2.0883267792052345,7.999999999999674e-05,732.3008596476973,0.7265167790755621,0.2603424226992279
time1_54.h5,7500.0,0.002,0.014106855697582374,0,1.5711705358285761,-0.8913702636728428,34663.25361664815,1.0173108843949572,-0.4462500500771727,0.0858128949114783,0.9995787347989431,2.0835467016514384,0.00015999999999999348,572.9655334334346,0.7264813509572922,0.2594448338895314
time1_55.h5,7500.0,0.003,0.014106855697582374,0,1.5715312478847183,-0.8176151094031152,35194.68150680803,0.7314850171269708,-0.43797625545049845,0.08233125503965484,0.999476955883181,2.0730322017477634,0.00015999999999999348,547.491155771679,0.7264901168350226,0.2590185832337148
time1_56.h5,7500.0,0.004,0.014106855697582374,0,1.568794290376798,-0.6024510585581392,22795.317132552052,0.4222212901134952,-0.4241651174472832,0.07608782357308258,0.9992245478150025,2.0415983840599448,0.00015999999999999348,520.8423668481362,0.7265387931808863,0.2582040882285557
time1_57.h5,7500.0,0.005,0.014106855697582374,0,1.5669622772609666,-0.5088150991051795,20875.946694333918,0.32635244981594125,-0.4183238741546196,0.07412949404480217,0.9990781789349825,2.020577756844783,0.00015999999999999348,514.2616029267898,0.7265726998288135,0.25783086088175405
time1_58.h5,7500.0,0.006,0.014106855697582374,0,1.564928894950789,-0.6852810693498647,31482.055890488453,0.1932983283262719,-0.40835611246129055,0.07207052153954814,0.9987450602760772,1.9617874660881325,0.00015999999999999348,509.28071251158855,0.7266381223123423,0.2572078630186778
time1_59.h5,7500.0,0.007,0.014106855697582374,0,1.5651890397813912,-0.8161419490065652,36848.301757324734,0.13652433428873217,-0.4040958886970234,0.07177147145042065,0.9985514924629134,1.9243380368017136,0.00015999999999999348,508.28997546685105,0.7266568337502416,0.2569613313462232
time1_60.h5,7500.0,0.008,0.014106855697582374,0,1.5691625954757034,-0.7517209103490816,39019.63178690743,0.02930432100031013,-0.3965397248406136,0.07114875639094612,0.998093266652525,1.8403647567102224,0.00015999999999999348,507.281471477914,0.726641403867137,0.25660515085834473
time1_61.h5,7500.0,0.009,0.014106855697582374,0,1.5730155548797577,-0.7393616636724204,39690.28040036444,-0.022932187633689833,-0.39306222123428314,0.07071109655562509,0.9978215420071144,1.794679971285383,0.00015999999999999348,507.28202817690976,0.726601286806679,0.2564834785299323
time1_62.h5,7500.0,0.009999999999999998,0.014106855697582374,0,1.57797007205654,-0.7350700838036219,39928.72390768508,-0.07606361165531296,-0.3896909776995144,0.07035160774869302,0.9975184554725143,1.7356331901205184,0.00015999999999999348,507.50293915479006,0.7265420274649008,0.25639340131703303
time1_63.h5,7500.0,0.011,0.014106855697582374,0,1.5898621491902423,-0.5688244155277621,31874.94787766379,-0.18850308270088742,-0.38314770067755877,0.07096361850785524,0.9968101857204429,1.5795840475593632,0.00015999999999999348,508.5946973129111,0.7263747567040031,0.25630762278218544
time1_64.h5,7500.0,0.012,0.014106855697582374,0,1.5960986950297507,-0.4919616920498781,26735.116077484894,-0.24941564235520797,-0.3799706830860262,0.0725467023553944,0.9964061131744512,1.4852600171370585,0.00015999999999999348,510.1158099186076,0.7262774702369885,0.2563161843752911
time1_65.h5,7500.0,0.013,0.014106855697582374,0,1.6082055455902284,-0.5880577910969917,29905.348387457547,-0.42154257676456314,-0.37397119813001023,0.0789855293151282,0.9955269157769466,1.3745802753590752,0.00015999999999999348,520.97321147368,0.7260840424662057,0.2565135787418289
time1_66.h5,7500.0,0.013999999999999999,0.014106855697582374,0,1.6138135706833354,-0.7363653362843326,35718.64827707176,-0.5421217558779902,-0.37128063465655564,0.08381192157575353,0.9950499952530032,1.3336118797917225,0.00015999999999999348,531.7138548739488,0.7259962699192183,0.2567532534238757
time1_67.h5,7500.0,0.015,0.014106855697582374,1,1.7747046690416826,-1.0421800097585903,51576.63222714867,-0.5392941690005523,-0.3640669183746108,0.15708121394557323,0.9939576559241942,1.333952791886741,0.001839999999999925,587.2575497092,0.7328835126915823,0.25919950019948707
time1_68.h5,8000.0,0.001,0.005321338763032498,0,1.6973457744563645,-0.038685233273189734,8375.769234936024,2.498291709632946,-0.4913791212409116,0.12109077200048515,0.999995119656,2.1242811033955116,0.00016304347826087695,754.7630959398039,0.813249615747068,0.2709570268267994
time1_69.h5,8000.0,0.002,0.005321338763032498,0,1.591991051505047,-0.8813200739384436,36566.391219052704,0.7675850147861218,-0.4655679616084917,0.11731074856000274,0.9999899191694468,2.277360098753369,0.00016304347826087695,598.6443491116739,0.8125224180155646,0.26926404067815485
time1_70.h5,8000.0,0.003,0.005321338763032498,0,1.5995719250177076,-0.7980800237538737,37812.33411505179,0.5056907372547743,-0.45647529809069753,0.11465554055764733,0.9999864634869816,2.366115570425384,0.00016304347826087695,574.2837457855026,0.8121139195160055,0.26851314287622513
time1_71.h5,8000.0,0.004,0.005321338763032498,0,1.620997315636714,-0.6887704858420682,33545.27466043725,0.3258322421168149,-0.44845962460494565,0.11250659682969698,0.9999824426119357,2.4793250435189678,0.00016304347826087695,559.4541237274942,0.8116294419736935,0.26788380249170324
time1_72.h5,8000.0,0.005,0.005321338763032498,0,1.7147695070414166,-0.7704968940791804,40200.65092067068,0.06643857809976729,-0.4345174859612775,0.11292957241829225,0.9999741975165213,2.755903438505334,0.00016304347826087695,545.921732711462,0.8099994423750315,0.26777602633828784
time1_73.h5,8000.0,0.006,0.005321338763032498,1,1.8845179582052998,-1.0626042360680759,93005.92767241065,-0.24052147987813452,-0.42301752161841216,0.14029119350231567,0.9999686658069528,2.92801107678394,0.002038043478260962,551.3021697691831,0.8039559219166758,0.27764784572594725
time1_74.h5,8000.0,0.007,0.005321338763032498,1,2.228436782582483,-1.367007359233003,418260.63576436124,-0.6432176036055588,-0.3923250396814983,0.27993955134661636,0.9999544506016218,3.112409471167594,0.003913043478261047,589.0959244156328,0.783157444849993,0.3005546039195263
time1_75.h5,8500.0,0.001,0.003154848369242181,0,2.303087900112413,-0.034743394926310955,7678.387598844024,2.6202670943196655,-0.46737077028880636,0.1519358091895255,0.9999998750702996,2.206713072772141,8.021390374331194e-05,814.3854673999798,0.865393453277197,0.25787573208470205
time1_76.h5,8500.0,0.002,0.003154848369242181,0,1.829837384760621,-0.8732092251095046,48420.452378362694,0.7997340870952342,-0.4387058563862445,0.1493527771556282,0.9999996658198389,2.5042814372328137,0.00016042780748662389,638.0350636754072,0.861480357846287,0.2582421355685043
time1_77.h5,8500.0,0.003,0.003154848369242181,0,1.8855623838563285,-0.8199135233884697,52511.54219148813,0.4627143801553562,-0.42792202606872964,0.14923469408509304,0.9999995328281958,2.7107848908276133,0.00016042780748662389,611.498839084933,0.8564929643009845,0.26252449501260827
time1_78.h5,8500.0,0.004,0.003154848369242181,1,2.4138600589014376,-1.2787180315003113,222144.1775966884,-0.666283923806926,-0.3923314330057637,0.2502537656371145,0.9988719669432203,3.0112670592355073,0.0019251336898394866,629.1776703650238,0.7921830647412024,0.2984581201127352
time1_79.h5,8500.0,0.005,0.003154848369242181,1,2.4106291188760247,-1.4786153569079865,1355944.811542644,-0.8538807498606746,-0.32942308910564916,0.6024262314238578,0.9990315294085814,4.416513452201451,0.0019251336898394866,721.3838156552464,0.7558199221197579,0.2586834241125132
time1_80.h5,9000.0,0.001,0.0022662204522670426,0,2.491271574957538,-0.05006924163515647,8282.402780885768,1.976619566798929,-0.5162429214759148,0.19005754029591226,0.999999984919508,2.1704114928538063,0.0006349206349205438,816.9177294592872,0.9238681481352682,0.2834599880672217
time1_81.h5,9000.0,0.002,0.0022662204522670426,0,2.0217049590165597,-0.9318550967727565,25167.80626237453,0.91622765834567,-0.5000647472847148,0.18967737527901166,0.9999999714153471,2.342959533124626,0.00015873015873013596,702.1074699634684,0.9182116203872697,0.2858126016758542
time1_82.h5,9000.0,0.003,0.0022662204522670426,1,2.4928162030291268,-1.5064631945079698,1318591.1590364855,-1.240160263968302,-0.37797301741859635,0.7382994839458388,0.9977486070359759,4.904694620559441,0.0018253968253965636,814.0910163634243,0.7429273359666335,0.26135440575325586
time1_83.h5,9000.0,0.004,0.0022662204522670426,1,2.380948109299906,-1.4862103599773626,4246915.668483397,-0.7283904332784679,-0.3534736041212375,0.993789208133346,0.9969300574331522,6.857069634249308,0.0018253968253965636,899.6066715985968,0.7390707904370949,0.2573881907941109
time1_84.h5,9500.0,0.001,0.001813142078071514,0,3.1521705416295713,-0.04349300762842101,9266.15645385618,2.143852463330985,-0.49242806602817896,0.25327925027633735,0.999999996651983,2.2109692047888383,7.894736842105343e-05,876.7490852935267,0.9924316616470307,0.269621922999557
time1_85.h5,9500.0,0.002,0.001813142078071514,1,2.2861974840298567,-0.9207495914477318,31212.476749822454,0.9968687788245778,-0.4744583859615427,0.24521110347642908,0.9999999907144654,2.41329401673959,7.894736842105343e-05,745.6972061535178,0.9719678385530879,0.2834554520257476
time1_86.h5,9500.0,0.003,0.001813142078071514,1,2.57853663074526,-1.3591497368027023,618936.7009614795,-1.388655677945059,-0.38219483523853476,0.6281217577199335,0.9980181541477794,4.451732212143882,0.006157894736842168,819.2877435236768,0.7448785243412438,0.2530614437744608
time1_87.h5,9500.0,0.004,0.001813142078071514,1,2.296194740901603,-1.3847205962125,6236205.166437765,-0.5446751126842357,-0.33122364164395357,1.1158625298173477,0.997238175538682,7.7005740490828085,0.014052631578947511,968.4922901239653,0.7381021645336916,0.24308852414180032
time1_88.h5,10000.0,0.001,0.0015542224672644915,0,3.9080119690202655,-0.03850646267212232,14398.302584555118,2.283664621241792,-0.4649958212887003,0.34054111992866737,0.9999999992499742,2.2167383270315106,7.894736842105343e-05,937.0459591368462,0.9319442568634851,0.2551253906195943
time1_89.h5,10000.0,0.002,0.0015542224672644915,1,2.745753602451233,-0.9263795106000763,50800.1609463446,0.6169137921452813,-0.43777773458307356,0.3682148831093716,0.9999999802893033,2.4035242989177648,7.894736842105343e-05,796.2930355582221,0.8742260480512576,0.30563547885080167
time1_90.h5,10000.0,0.003,0.0015542224672644915,1,2.421770751518805,-1.3944062924543428,1018289.3555105382,-1.0803358558961678,-0.3341246494673341,0.838919267116156,0.9974145829592608,5.453608778189162,0.011921052631579068,902.2119593522912,0.743951502347243,0.23314137885619365
time1_91.h5,10500.0,0.001,0.001396960044729048,0,3.2307469554642827,-0.054955991363533574,7908.080324896127,1.5886136696417035,-0.5217950325526481,0.4652341720946731,0.999999999764383,2.181287282155843,0.0005555555555555487,926.866119683588,0.8579216611348208,0.2874378164735489
time1_92.h5,10500.0,0.002,0.001396960044729048,1,2.51870864961267,-1.189820730111241,291970.78525008186,-1.2020006657328317,-0.43473937420116926,0.7738071275202862,0.9978014859906283,4.206922715194548,0.004126984126984076,889.6123590286103,0.754205909687355,0.25783539454774507
time1_93.h5,10500.0,0.003,0.001396960044729048,1,2.2360562777804747,-1.507288469063166,2241623.024637577,-0.6747960420063905,-0.38226628016599945,1.155364503613627,0.9963813638835184,6.922192338948923,0.004126984126984076,998.5048687610174,0.7475987589243411,0.24968138176605473
time1_94.h5,11000.0,0.001,0.0012991744510970804,0,3.823839591649395,-0.046430186318626054,14988.349757812684,1.774725686636356,-0.49430616508064407,0.6693687174840842,0.999999999851522,2.2256052046961137,8.021390374331541e-05,987.0249974341677,0.7809026690800124,0.27416969640040884
time1_95.h5,11000.0,0.002,0.0012991744510970804,1,2.3790590836552594,-1.1899288592249777,391166.3698089852,-0.9011317009532749,-0.3996036109905533,0.9579696046669672,0.9976397676622413,4.499624516364135,0.004010695187165771,938.1192306121656,0.7663395580107517,0.24114213360425943
time1_96.h5,11000.0,0.003,0.0012991744510970804,1,2.0202914693533547,-1.3782582647029007,2321297.142159762,-0.27049737225612186,-0.3641703280203225,1.182656875262961,0.9971515639504752,5.8550750652060595,0.004010695187165771,1022.8500732943122,0.7629051234567943,0.23360152563216424
time1_97.h5,11500.0,0.001,0.001239244016761887,0,4.415840667592819,-0.04090272118645588,2570.084399465568,1.9323562734689128,-0.461798184888167,0.16983090189925495,0.9999999999519051,2.2914323110646317,8.1521739130435e-05,1049.339467585393,0.7018471388629269,0.2598829971918477
time1_98.h5,11500.0,0.002,0.001239244016761887,1,2.409909638656781,-1.210894443017664,420923.34256834746,-0.7517492093486816,-0.36368947867851137,0.819239488780228,0.9966131776100499,4.655909003354741,0.007907608695652196,975.6850946355036,0.7880613447046182,0.2281440011414649
time1_99.h5,11500.0,0.003,0.001239244016761887,1,2.255169484395135,-1.2363179563557214,2124598.817864011,-0.5077630843292156,-0.33216992398474404,1.3577057335247456,0.9977312157532244,5.834226415312052,0.0,1048.4981781380927,0.7851520010189393,0.20260086606188768
time1_100.h5,12000.0,0.001,0.001205076880252254,0,4.694100917060961,-0.04088875662542368,2563.9514787165917,1.9326111739026937,-0.461796842590017,0.1698523123163914,0.9999999999646205,2.282761611503829,7.812499999999833e-05,1094.966296876152,0.7061961912547409,0.2626575940106895
time1_101.h5,12000.0,0.002,0.001205076880252254,1,2.447548401657264,-1.2675333868132725,405454.0579039339,-0.6910478333800234,-0.36275307394668443,0.8486880209523692,0.9976993075839135,4.8294865548143955,0.0038281249999999184,1006.8236685167793,0.7475844324041478,0.22740420514176513
time1_102.h5,12000.0,0.003,0.001205076880252254,1,2.298875655053304,-1.2790943553692786,1913143.6062216288,-0.7195421482723572,-0.3246558399918918,1.5854399883502468,0.9973467784546205,6.625184562490162,0.0038281249999999184,1044.338642877934,0.7417667673865209,0.21421947527472263
