dataset_number,grid_point,file_name,RPM,Axial_Depth,kurtosis,skewness,crest_factor,margin_factor,shape_factor,impulse_factor,zero_crossing_rate,mean_crossing_rate,kurtosis_1st_derivative,skewness_1st_derivative,off_harmonic_energy_ratio,spectral_centroid,spectral_entropy,spectral_flatness,spectral_rolloff_85,spectral_spread,spectral_skewness,spectral_kurtosis,cross_correlation_coeff,cross_axis_peak_delay,bivariate_orbit_radius_ratio,coherence_at_tpf,coherence_at_dominant_resonant,cross_spectral_centroid,multi_axis_energy_asymmetry,d1_energy,d2_energy,d3_energy,d4_energy,a4_energy,wavelet_energy_entropy,d1_wavelet_kurtosis,d3_wavelet_std,d1_relative_energy,d3_d4_subband_energy_ratio,permutation_entropy,higuchi_fractal_dimension,katz_fractal_dimension,phase_space_ellipsicity,phase_space_area,ar_coeff_1,ar_coeff_2,ar_coeff_3,ar_residual_variance,autocorr_first_zero_lag,harmonic_peak_ratio,dominant_peak_tpf_ratio,transimpedance,acceleration_jerk_rms,blim_critical_depth,chatter_label
1,1,time1_1.h5,2000.0,0.001,1.298187118679872,-0.0706318661677369,1.6807121562095308,3.37952439222494,1.3022970863528722,2.1887865440295253,0.0850658273859656,0.0850658273859656,2.1558988826977177,2.239117114416457,0.4182322779986436,398.9939719613501,0.0887006098960181,3.057573265868197e-07,666.6666666666019,736.4818060015572,4.291155857836923,26.19296207755476,0.8793502663417568,0.0004787234042553,0.2030308268915098,0.9999999972759908,0.9999882452227769,169.75802719521093,-0.4643337533540537,241.484248216729,1530.63310162088,12166.619230877292,44209.909397028765,5053382.971807966,0.1005193679723332,16.470126817628934,2.074905760630524,4.724303130131842e-05,0.2752011799348989,0.2655786926864802,1.0028785061987509,1.020606058505365,0.7822365434869334,4.963577884940346e-07,1.885121036931238,-0.9008667320575194,0.0081313156640715,0.1472685621532852,0.0019148936170214,0.0089078212467675,0.9999999999999029,0.929560558613166,54564.372652897415,0.0014729720492096473,0
1,10,time1_10.h5,3000.0,0.001,1.308597179520628,-0.0778663590278285,1.671077925607397,3.309070414851864,1.2968882127684789,2.167201264337834,0.0955037300893877,0.0955037300893877,3.021641439164509,1.779850205058317,0.4236920614621581,491.4205195811166,0.0919205604007719,1.440055631367517e-06,809.1666666666667,796.7888096606641,3.575571304061582,18.73410289396921,0.8844098598332288,0.0003225806451612,0.2744060848865584,0.9999999976950538,0.9999998273826268,247.24767565992343,-0.4692303696001643,506.8482788303168,4097.317985857516,23919.881242979885,69722.59214734346,4869475.719054464,0.1615008164721729,13.95533119717166,3.580334702519015,0.000102028302355,0.3430721736855457,0.2892822056830978,1.0064623645313515,1.0469982037433805,0.8492351532381516,5.15952563020333e-07,1.889207320621374,-0.9364941150349771,0.0321097728753648,0.4850516963288697,0.0012903225806451,0.0083867010585527,1.0,1.3440914364765906,50564.13838086595,0.00122736072758267,0
1,100,time1_100.h5,12000.0,0.001,1.2654562948884651,-0.0721198586003883,1.727681594783797,3.766436152161912,1.321630236970492,2.283356235523667,0.1250325605626465,0.1250325605626465,4.695323175687619,1.932862930716619,0.4018102554317074,1415.1503068740774,0.1171956443574094,6.672880627112342e-05,3200.000000000068,1658.8231032579445,1.4661836213386132,4.195408466248585,0.8441398832966076,7.812499999999833e-05,0.26257721312466,0.99999999999983,0.999999999963716,1094.966423415868,-0.461796842590017,6290.255731843122,14916.851135732786,234137.96162284652,262388.6901425063,691769.2798405174,1.515547913212475,4.007933051008574,21.79865940958712,0.0052006944437132,0.8923325220141292,0.414498779715556,1.2008127459458533,1.200014150231978,0.7062297281467721,3.743825378485544e-07,1.1296274460887152,-0.0409659228697468,-0.3491415351065288,21.39282090440796,0.0003124999999999,0.0096204965499813,1.000000000000021,0.4608267383351271,213711.77053029844,0.001205076880252254,0
1,101,time1_101.h5,12000.0,0.002,3.036434023112349,1.0033384482827652,3.1197924832527786,9.418824647458306,1.5484185525615666,4.8307445612107225,0.0812711643657202,0.0812711643657202,2.448186007747245,-0.6911378545923353,0.6347120960898578,1422.5687795254462,0.2800334554615374,0.0007461318831725,2616.6666666667224,1278.2914171985017,1.4936105161617017,5.159162174614317,0.8777663219905519,0.0038281249999999,0.2274038723344536,0.9999908699502152,0.9976976680432574,1006.8048183526064,-0.3627530739466843,51551.57273249278,427935.221907088,2094041.934296314,1078093.726176268,3009402.48135666,1.7766371276548196,3.168141039480646,65.58405793544419,0.0077392853538575,1.9423561082424283,0.4934608568132885,1.408668506334873,1.4164152981322822,0.7475846878876463,4.383563141624986e-05,1.790715229846759,-1.2676429916076053,0.3097073832724564,86.41215397589784,0.0003124999999999,0.0090611679864087,1.000000000000021,0.1033245944833006,1364938.0051883955,0.001205076880252254,1
1,102,time1_102.h5,12000.0,0.003,4.817373188386802,1.6265586736184632,3.679361097841032,15.448323274248123,1.8010207335204829,6.626605623320383,0.0815316488668924,0.0815316488668924,2.299441098998515,-0.7194560769608717,0.7684775029353013,1566.8913654061528,0.3301842105552032,0.002063652195638,2830.0000000000605,1338.8963525337313,1.4289973176947712,4.860819240210678,0.9126587409971564,0.0038281249999999,0.2142192338787411,0.9998420369385014,0.9973331583901882,1044.317498488582,-0.3246548167676493,200103.2803146243,2045436.064656776,7695021.85470808,3148564.1516074045,7466367.220084769,1.8722764788354325,5.07881890253304,125.82425071589932,0.0097347840057754,2.443978106902989,0.4813526370906844,1.5067347977121868,1.576607370191612,0.7417667017957648,0.0001854862318733,1.775794933370029,-1.2802122555800346,0.326394755033571,347.01317901321903,0.0003124999999999,0.0074443688727816,1.000000000000021,0.0825246090955687,2971072.359206551,0.001205076880252254,1
1,11,time1_11.h5,3000.0,0.002,2.3893525970427003,0.7794499896806477,2.538285670477519,6.751272888900544,1.4822698302816928,3.7624242699851647,0.0828012635257745,0.0828012635257745,1.6908036771142012,-0.2188979090918369,0.615853656212862,927.0847660686672,0.2068854632936681,8.043040686546797e-05,1555.0,987.574356124972,2.4669700685771137,10.381231528133506,0.8792942746844015,0.0195967741935483,0.2586828270516941,0.9999848193487432,0.9995636260319706,371.9259187412173,-0.3926189902764287,6113.057733969468,113070.9205501032,1467928.3251442758,3221035.5538296504,15149894.791406969,1.0493256891461302,12.280400963573708,28.04759187703045,0.0003062954539972,0.4557317982407807,0.3923982924144593,1.1829494924732356,1.201818328825678,0.7740229568610907,2.397409758715662e-05,2.355181208995134,-1.932824651224886,0.5495004964882096,5.248911182669963,0.0007258064516129,0.0079332556084375,1.0,0.1198065502429942,999041.7500159092,0.00122736072758267,1
1,12,time1_12.h5,3000.0,0.003,4.455431001713701,1.547527176552323,3.8002287287613057,15.075776534097969,1.7782647579894326,6.757812820655213,0.0832045164325559,0.0832045164325559,1.702052270594021,0.379499405166029,0.7737173789485485,1045.027456709522,0.3079394378697076,0.0003009936882608,1738.3333333333337,1035.4403764428666,2.398294280067328,9.621289130215304,0.9073724089345,0.009758064516129,0.2387883527228964,0.9995124789280616,0.9993002626971802,539.4102842212591,-0.3459759955605613,70103.19366906829,1506251.432298271,12042992.534202017,20264282.66180678,37439166.75410812,1.5645388425659954,9.871082687373098,80.3359900331844,0.0009829002371532,0.5942965134857753,0.4054971949816006,1.2317414902239356,1.3468610200561626,0.7817505501098578,0.0001633948804221,2.2340299414435023,-1.7896605967347765,0.5002467553678107,54.33903797167088,0.0004838709677419,0.0064665526214174,1.0,0.0930615985311899,2459715.8424527664,0.00122736072758267,1
1,13,time1_13.h5,3500.0,0.001,1.316494280632709,-0.0989970914090837,1.6418378037760817,3.237193414069591,1.2925846441884212,2.1222143334090053,0.1104251871286364,0.1104251871286364,1.5823462348770008,1.99384443906758,0.4271947677095932,548.6785771963874,0.0930403662242821,1.678090678580357e-06,933.3333333333346,918.260635214686,3.4730301164725854,17.61545911364039,0.8738708705136813,0.0003174603174603,0.1982347360240491,0.9999999511093388,0.9999689656971026,294.5379213116099,-0.4823465707416869,766.6245577495954,4813.045816852113,20269.858783907257,65014.15735508926,3142845.85909013,0.2159851844280039,9.855956099114648,3.5307337544613984,0.0002370727942439,0.3117760747585933,0.2911664055584019,1.0081808943323065,1.0470755513299006,0.7164364982116861,2.140221191341372e-07,1.868492149281769,-0.9548152868737596,0.0667312970971761,0.6575274964538025,0.0011111111111111,0.0080796928764279,1.000000000000001,1.2154761362579918,45767.79946082859,0.0037118327626069485,0
1,14,time1_14.h5,3500.0,0.002,1.3386663838224366,-0.0758822017099652,1.7277691074296646,3.2310312856164978,1.281599097081778,2.2143073280476475,0.0743112894513465,0.0743112894513465,2.009729412962898,0.9545406003151626,0.4379950398981733,428.78507004658775,0.0884534960424795,1.2655396066545526e-06,741.8055555555566,689.391702511844,4.2651505347047305,26.730611731656374,0.9140032184314746,0.0003174603174603,0.2057729927824577,0.9999995940434376,0.999867786477763,264.4719792431418,-0.4692326344838393,707.9261013593725,3641.7654291939343,46666.00787905711,235500.9566333805,12424999.233765058,0.1726126150469328,8.71335836135127,5.357221140176445,5.569171352151476e-05,0.1981563410449542,0.2940081272952809,1.008246744549656,1.0963702363950665,0.6813156259349211,1.1814779242864153e-06,1.8990900045087629,-0.8916326617670485,-0.0246906762995475,0.7020198667317441,0.0011111111111111,0.0072153385722293,1.000000000000001,1.2876372805432257,76827.39955130761,0.0037118327626069485,0
1,15,time1_15.h5,3500.0,0.003,1.3726896017557413,-0.0577054556306323,1.819520210705394,3.208064460034517,1.2667722918374835,2.304917787359893,0.0743112894513465,0.0743112894513465,2.7585451146246154,0.5753245738821555,0.4532411512989299,398.7243683459738,0.085582992638951,1.279044706354157e-06,700.0000000000009,629.9644721465594,4.663733806895213,32.70518898510187,0.9394286272089596,0.0003968253968253,0.217219435408897,0.9999989685876088,0.9997213155934828,250.7125363910039,-0.4580447092553844,654.7313427261338,3421.813666819811,47762.50493959577,461203.754302331,27429093.49486405,0.1416374839658597,8.781786155261035,5.419788452401951,2.343168524114809e-05,0.1035605293626604,0.2966528356426989,1.008683094829138,1.1357112190793293,0.6431071159846046,3.196229766489941e-06,1.899551061516739,-0.8608115565523805,-0.0547696410154822,0.7046092304278102,0.0011111111111111,0.0060227434268071,1.000000000000001,1.4039186073770669,98247.6791042692,0.0037118327626069485,0
1,16,time1_16.h5,3500.0,0.004,1.5682175182665987,0.1284663967278229,1.893302513852886,3.2788429995779724,1.273689806401487,2.411480112328731,0.0858090902075777,0.0858090902075777,1.9425213980963096,-0.7804762724202959,0.5183948133362538,683.9937919609749,0.1186635267734503,4.958117868194526e-05,1079.166666666668,1027.9310655550166,3.008625329044327,12.948425580155224,0.9391382655749214,0.0038888888888888,0.3453713788553299,0.9999987701411454,0.9999783185862838,270.8223154115885,-0.4317260199512587,1147.652061124344,25048.860398565725,766070.2459701187,2570397.026152213,55674505.73464485,0.363041596782563,4.910724608752859,21.705704819442747,1.9439483133597444e-05,0.2980357657497358,0.4318956020507529,1.0884560699816768,1.2177421315788135,0.8090864651682841,9.49725195833753e-06,2.546301693086728,-2.1870524518490377,0.6314025644690199,1.7012931365827828,0.0011111111111111,0.0041958565154452,1.000000000000001,0.460839197830294,503778.6425374027,0.0037118327626069485,1
1,17,time1_17.h5,3500.0,0.005,2.5758005414116627,0.7717824480974023,2.553282455764061,5.036992592794632,1.37224261006014,3.50372298131844,0.0856547573115209,0.0856547573115209,1.9166110294386611,-0.9223615064409386,0.6500631792221072,808.3943317566032,0.1735721769807636,7.287591414701504e-05,1314.4444444444462,998.4083983231152,2.671502408470636,11.318966683798545,0.914734304167905,0.0038095238095238,0.3476682707994885,0.9999871015298843,0.9998817937113592,368.4965080022706,-0.3797866358693741,14896.437256075167,264046.78060124745,5414630.712165606,14536968.672686463,84068707.4223113,0.8922055227256013,7.454660483481238,57.70642043211925,0.0001428240112225,0.3724731637029091,0.4339215479163639,1.146646922042998,1.3290562515004438,0.8182778229889655,4.797855003987363e-05,2.484692722155357,-2.1404738438405384,0.6359643561911843,13.655592299887614,0.0007142857142857,0.0029527390565377,0.0,0.2217368331409828,1400495.2132657408,0.0037118327626069485,1
1,18,time1_18.h5,4000.0,0.001,1.310034319812005,-0.0838156779588207,1.6543478659668904,3.2808305041786,1.2960610912679331,2.144135900501825,0.0849366078553063,0.0849366078553063,3.508532397536805,1.8079466881682,0.4243039281927613,602.1107196016177,0.0951044179564681,4.628160284541925e-06,1066.666666666563,947.7470643293096,3.1633124534426504,14.82055449075822,0.8812646205121084,0.0002393617021276,0.2011094121347555,0.9999999134254142,0.9999380809998668,331.98125459805,-0.4716640669206962,931.1078530278488,7196.610730432461,28911.732805733925,136930.72812906402,3517154.5835738126,0.3180429436995042,9.521609929047637,4.518594135704621,0.000252255860419,0.2111413062704463,0.3005000657432025,1.0108018609052176,1.065767387358638,0.7517931482594309,1.045123198255334e-06,1.8668748906202344,-0.9562956592597543,0.0644908562741784,1.0708030876332164,0.0009574468085107,0.0086608286845388,0.9999999999999029,0.8553791523997154,73383.76844583108,0.0026254736930035327,0
1,19,time1_19.h5,4000.0,0.002,1.329668928587504,-0.0662463276506665,1.7332404475933885,3.298031484429472,1.2872743013742902,2.2311558862894416,0.0849366078553063,0.0849366078553063,6.276422367746161,1.0180487032610095,0.433923166978772,570.3407888591049,0.0928943591784015,8.72245378704969e-06,1027.777777777678,864.7087963662266,3.4294024331998223,17.227092256972096,0.910360476777597,0.0002393617021276,0.214926565089487,0.9999996862525458,0.9998126852157332,305.8231431948239,-0.4612795322818405,933.2786609409688,6600.319044867942,57220.121004471584,366404.8311318221,9685834.847887073,0.2838983532898673,8.598404997420964,6.356794659774546,9.22486181665839e-05,0.1561663934062195,0.3067675785499123,1.011786569912994,1.1079697011480092,0.7366444535018184,5.992289671488196e-06,1.9026750509418495,-0.9279374033707668,0.0024958333217311,1.1458359953246624,0.0009574468085107,0.0081940965961529,0.9999999999999029,0.7891885985885524,124201.45351332032,0.0026254736930035327,0
1,2,time1_2.h5,2000.0,0.002,2.145010132394073,0.6393247592442037,2.5194372913032144,6.372814715634934,1.4469132774174247,3.645407268407213,0.0801897247218405,0.0801897247218405,1.849062145295408,-0.9194653574567926,0.5867080946308433,876.4815618165476,0.1914403516757129,4.808149029151175e-05,1469.9999999998572,955.567123713364,2.5939416509852795,11.305018270237,0.8776154130907732,0.0078989361702135,0.2644639888886892,0.9999856432031816,0.9997591235236974,272.06258140929674,-0.3879900224070398,6067.557725636954,117831.28079909924,1391705.220360404,4553133.1267039385,24541683.96448453,0.9005467748834552,16.170767068651042,22.191545268964028,0.0001982186947343,0.3056588027699234,0.3727478525012326,1.1561034076518455,1.1631180064661826,0.740617587406423,3.117689846790309e-05,2.428363740459826,-2.0595344401934828,0.6132558501495948,3.339913505301191,0.0020744680851065,0.0081481823087694,0.9999999999999029,0.116353168466234,1011914.9157472356,0.0014729720492096473,1
1,20,time1_20.h5,4000.0,0.003,1.4153623969144635,0.0317461286446588,1.958904598864176,3.679447614448101,1.291367174558275,2.529665097064442,0.0790850252681975,0.0790850252681975,2.2844462283407587,-0.4760058793931971,0.478705198431156,738.2801459978211,0.1231573786498027,7.106978620449241e-05,1261.1111111109888,959.9054581122796,2.9649700843481543,13.303217816084306,0.9239227193503964,0.0040691489361706,0.3821157770760243,0.9999986146279404,0.9995150810297828,301.768161392295,-0.4383566273835996,1665.1370228460112,20275.150566829587,323807.2659497594,1320447.1287991635,24437318.421476196,0.394331520859691,8.102033665905195,15.121815548217045,6.378976715600271e-05,0.2452254686215532,0.4059830358990827,1.0541439277214988,1.176697179234399,0.7243423052215001,3.5862339230187475e-05,2.2372602366075127,-1.5931657503066436,0.3374173659563924,2.379487826915925,0.0009574468085107,0.0071098300878956,0.9999999999999029,0.2871641871095058,527601.8900743882,0.0026254736930035327,1
1,21,time1_21.h5,4000.0,0.004,3.2632793819115578,1.1099035299153073,3.061505418361113,8.083365763751432,1.5239314553216423,4.665524407678144,0.079616987321571,0.079616987321571,1.7687382979052388,-0.707803614396368,0.6991707628678212,1048.0189883971975,0.2423962738261142,0.0002568244426654,1761.11111111094,1048.1083542232586,2.261356387153985,9.015356492464626,0.915347434879178,0.0078989361702135,0.2717670778616569,0.9998351796885498,0.9997272694421896,475.0906703194184,-0.3442719622629435,43304.17937408778,905681.821457738,8137260.104858436,13790725.734256651,46296784.540980816,1.3033183013384078,9.028534755219685,75.80667340458375,0.0006260203527999,0.5900530734684392,0.4036417690764226,1.2152234963382995,1.3679483585790828,0.7318226504025844,0.000208023071331,2.3122250048913497,-1.9139081417807968,0.5608767327386581,42.45828542985928,0.0005585106382979,0.0062146412219869,0.9999999999999029,0.0950327260006167,2618144.2870874354,0.0026254736930035327,1
1,22,time1_22.h5,4500.0,0.001,1.3201529153717086,-0.1120061563124135,1.6827685866003297,3.338338780211224,1.291890012969169,2.17395193116721,0.0940569500942553,0.0940569500942553,4.449297200841735,2.2574581774412743,0.4281645420397248,723.2669618090673,0.0973392784461491,6.703317051811915e-06,1500.000000000215,1055.8058959577263,2.3490912310150107,8.584536654813034,0.8633126834095279,0.0002380952380952,0.2862497750871297,0.9999999997915686,0.9999999993733988,391.1176255594888,-0.4898352868166596,1710.2065001382375,5573.665202076083,16624.09855950256,114629.58096850228,1718499.686681409,0.4468699421923632,9.25410361271456,3.623699395162956,0.0009209327983436,0.1450245078019652,0.3094895841385011,1.0132517559275076,1.0547180490526986,0.6408884499650112,3.4130592272187775e-07,1.8082336851299967,-0.975385290535362,0.1368704665999731,1.2633085345715662,0.0008730158730157,0.0083231161140952,1.0000000000001437,1.1294139834113708,44155.99071416138,0.0012660557382003584,0
1,23,time1_23.h5,4500.0,0.002,3.274552076039767,1.1400342625908255,2.9734155161167912,9.213955749153572,1.5885794400120037,4.723506755515814,0.0805635479710288,0.0805635479710288,1.6987293267478347,-0.6094664007808298,0.6903230716022958,1150.212167234668,0.2700586268738078,0.0004454270974978,2026.2500000002908,1138.058057193576,2.0310474081869785,7.495002827813698,0.8767066406304932,0.0136507936507916,0.2472889469203087,0.9999564673826838,0.9990476156240744,534.6183342876466,-0.3804487359803782,22517.88190770502,308211.8299988911,2457400.866385689,3786855.466202701,11098163.740240734,1.4076345608444163,12.501127992121774,44.057611250371465,0.0012741295231455,0.6489291414255816,0.4030973471220005,1.230467097522537,1.2749659321258708,0.7422575000551114,5.6471110667643386e-05,2.1491725669543347,-1.6506996454281997,0.4431834860753496,22.501516968528318,0.0005555555555554,0.0081647122028727,1.0000000000001437,0.0904571299668198,1494111.1993997989,0.0012660557382003584,1
1,24,time1_24.h5,4500.0,0.003,4.410958528898468,1.5824970650974564,3.391119861535206,14.546106897666702,1.8238747646687048,6.184977939420894,0.0808611965472765,0.0808611965472765,1.657558947495166,0.2268099807554751,0.7910803617650793,1362.759546690699,0.2557929832313487,0.0005897641112219,2427.5000000003483,1218.1640426887082,1.6290991939353396,5.740830784308601,0.9152872516659158,0.0136507936507916,0.2360372991248414,0.999520938328914,0.9983086176163214,649.7190747814795,-0.3601646769993673,134061.39061269947,1706261.5401416454,9750231.615776831,12455693.026387893,21969815.57767613,1.694692214617674,11.549339636358289,87.7587831131628,0.0029133607143653,0.7827931850215455,0.4097190253213041,1.2847718755796884,1.3920823317651685,0.7472831005377105,0.0002153028349188,2.049366867320761,-1.553346030723438,0.4203143293961979,115.61828241768778,0.0004761904761904,0.0067165820601229,2.69583333333372,0.0779933384895502,2820293.031679796,0.0012660557382003584,1
1,25,time1_25.h5,5000.0,0.001,1.307022904380722,-0.091827982419501,1.744690857861369,3.511652044722886,1.2983966069092356,2.265300689952765,0.1030814782322623,0.1030814782322623,2.517457638682732,2.160211843469257,0.4222156514479657,763.1010585053867,0.0992083857972896,1.0447932539014467e-05,1577.7777777774843,1066.1199573653105,2.2611658307994613,8.187981414101866,0.8659938389152373,0.0002368421052632,0.2792091717755112,0.9999999999948076,0.9999999990087312,432.4195412952179,-0.4769994001242402,1444.680339733237,8505.054977616885,21842.735844280407,202598.9443106556,1805272.759257228,0.5972735687826759,9.499793437177978,4.365773180126364,0.00070829323652,0.1078126834204416,0.3179284263448406,1.016444063453244,1.0695063001858374,0.5707564022071331,4.772937108846022e-07,1.801443071592272,-0.9735591648254244,0.1357410860822021,1.862516882826491,0.0007894736842106,0.0085845557671268,0.999999999999814,0.9125872535080192,54613.81714453799,0.0012467600519764047,0
1,26,time1_26.h5,5000.0,0.002,1.8980469963663116,0.4849323804090691,2.330396552844077,5.556024702113124,1.4073300817149206,3.279637171142225,0.0811492488211426,0.0811492488211426,1.740932212014011,-0.5104179070583678,0.5577580607786743,956.942106670192,0.2003512281305861,0.0001432565849496,1561.1111111108207,1039.3677087513918,2.382829440706043,9.648096185814452,0.8689958280638509,0.011763157894739,0.2715745019094587,0.9999978071990064,0.9992619175720416,461.90975758944313,-0.4195402775959555,4544.140191942126,66377.20947637295,640681.2352933594,1538988.065876394,7361765.084422314,1.0330898694315649,7.799166204757081,23.6444114224045,0.0004727394945729,0.4163003271428984,0.4204559416778751,1.175991233106388,1.2055505246126152,0.7458801811478014,1.6791134357875542e-05,2.179611371935438,-1.6235166624002615,0.4024927001518855,6.375703975506328,0.0006315789473685,0.008313993269679,0.999999999999814,0.1441323026693005,734220.7759643423,0.0012467600519764047,1
1,27,time1_27.h5,5000.0,0.003,3.549015306862736,1.3153688922651638,3.129117967624668,11.121104392265364,1.695931952920299,5.3067711457517,0.0818072157034762,0.0818072157034762,1.6480311831118628,0.4771371599744586,0.7501423187075746,1241.0474272083673,0.2484960142662144,0.000455624604958,2215.277777777366,1155.3918266941405,1.9238220371513852,7.181029262581198,0.91155422917931,0.0058421052631589,0.2293328086753598,0.9998397966822546,0.9996112204837694,621.5827434970666,-0.3632738922654711,65151.54942798529,1036092.1316321822,8099261.744640242,11268612.330705144,22555393.70988556,1.5918564970272069,9.156351404726797,84.06457201147941,0.0015142891158457,0.7187452640083345,0.4200541781287533,1.2475767957791764,1.3907319751740164,0.7600777330154688,0.0001345753319054,2.1609165053066586,-1.6908519051110773,0.4628720589901963,69.98525407384788,0.0004736842105264,0.0068870564007103,0.999999999999814,0.0986241020871798,2311668.754612111,0.0012467600519764047,1
1,28,time1_28.h5,5500.0,0.001,1.2934296540099233,-0.0656000269779371,1.706331313316504,3.4957268772854704,1.3064997196490455,2.2293213824764004,0.1147199411692609,0.1147199411692609,1.5395054996937023,2.065876454492324,0.4146999774572749,789.896668652158,0.101018008821055,1.6048674362032053e-05,1611.805555555627,1075.7818310303255,2.169860804204933,7.693664131932942,0.8752245246780989,0.0001604278074866,0.2672578702517517,0.99999999993203,0.9999999971729104,472.88665084797407,-0.4608660987659831,3224.398614157849,10818.95083824865,29988.008861171224,360431.42332114186,1855304.6379801517,0.7891418053729242,7.515269188412304,5.406299775311605,0.0014268718922885,0.0832003175107518,0.3220660482377037,1.020339042012598,1.088948972957228,0.5570318012486651,6.037163919966277e-07,1.790997049787285,-0.96914446625631,0.1335244751357883,2.868226353116349,0.0007219251336898,0.0091845462382696,1.0000000000000444,0.6764188750267411,74594.1737123825,0.0017359116151273064,0
1,29,time1_29.h5,5500.0,0.002,1.358821071698792,0.0258349765239916,1.8414635091132887,3.728568865994166,1.3131895068363466,2.418190557389608,0.0834661110430199,0.0834661110430199,2.094085081165764,0.2859713484769038,0.4527203884124879,786.4613084603434,0.1214566407549979,3.966338323521753e-05,1466.6666666667318,1013.8744135914844,2.6206074618676145,11.003967742781734,0.8995177909097204,0.0001604278074866,0.3112839055701317,0.9999999824275336,0.99999154836032,430.0534695590602,-0.4367102827467831,2199.3726131753533,26660.73502145065,193751.7301058332,1519330.3776953218,7394114.854428792,0.8227768556736247,4.547576175186976,13.741968675100532,0.0002407354284628,0.1275244232263268,0.3942566305288404,1.0455421667433948,1.1719002199620454,0.7216826251281812,4.87909915423438e-06,1.9851761515799533,-1.1717993609655442,0.1447747758918943,4.042302630633224,0.0007219251336898,0.0083048020659302,1.0000000000000444,0.3533485789921607,301198.23677013983,0.0017359116151273064,1
1,3,time1_3.h5,2000.0,0.003,4.705226191967622,1.604794214155058,4.01487905873745,15.583567689538746,1.770539978265502,7.108503881395623,0.0805443503701405,0.0805443503701405,1.886728549762884,-0.0919201183733588,0.7662518320521865,1127.9838368614903,0.2933521053081753,0.0002753534086043,1914.4444444442584,1135.541341343088,2.1667208496004164,8.112070409452281,0.918730742346304,0.0219414893617042,0.235905109645197,0.9990495981205932,0.9988075658799036,472.85714882126223,-0.3138404744605642,120527.76792407832,2025009.558554598,13101792.0909867,30352934.21621364,52243182.10511264,1.523307480335286,14.624722453728737,68.08935719483088,0.0012318430428732,0.4316482880257459,0.3754579070755774,1.2228491440011553,1.3025097144649849,0.7464232973353122,0.0002947626679686,2.189618568197917,-1.7229145621388111,0.4804801591319608,57.157259483223726,0.0005585106382979,0.0072781783183756,0.9999999999999029,0.0798377268238485,2659934.134892143,0.0014729720492096473,1
1,30,time1_30.h5,5500.0,0.003,2.856229214501696,0.9766900912018276,2.7748917036574428,7.559496634014785,1.5193186794165214,4.215944798724687,0.0837112391224414,0.0837112391224414,1.8101288188816225,-1.3182859914555785,0.6561876414372863,1021.8321398287802,0.2414105393487853,0.0002442997521877,1894.4444444445285,1069.7229621281956,2.1137072246007045,8.219214627828563,0.8946402312159007,0.0056951871657751,0.2214537926208616,0.9999733688596728,0.9995635266678752,527.9885412474231,-0.3564789817910911,24373.024086394253,361489.9020286529,2959901.221939397,6632156.540546151,17668989.82270682,1.342723925684554,8.395823368780196,53.71069606937798,0.0008815821961888,0.4462954400795329,0.4355771825161861,1.1893426093988808,1.3286505151393129,0.7765516606601202,6.186791835689442e-05,2.2403271165295515,-1.7943595345552177,0.5091055254460565,29.12813424172567,0.0005614973262031,0.0071678750302203,1.0000000000000444,0.1248255946005508,1544078.3680560116,0.0017359116151273064,1
1,31,time1_31.h5,6000.0,0.001,1.2945062786511008,-0.0629043472016646,1.7224817166999864,3.5226011268636253,1.306212802910658,2.249927671133052,0.0650625084016668,0.0650625084016668,1.5084679237609089,1.895211684372469,0.4149611787647149,783.5765830895801,0.1016594189046827,1.519056504057526e-05,1600.0000000000784,1062.0077243424923,2.18653608344675,7.830144513448677,0.8782514730108736,0.0001612903225806,0.2648275912189776,0.9999999997541248,0.9999999852318922,508.9428900841193,-0.45901827347773,3258.4139678034658,14313.96372520646,37706.327209168725,540140.8734738019,1879520.3451827297,0.928331694041894,7.160122167918226,6.3470083600927145,0.0013165628534199,0.0698083204973333,0.3296132429455914,1.0246943665960502,1.1072662894004608,0.5774433229064639,9.882782303845652e-07,1.78823201835551,-0.965428682651862,0.1251042584663976,3.821969188427878,0.0006451612903225,0.0091861442433028,1.000000000000049,0.460019937522902,112979.18793395042,0.0029457126545122288,0
1,32,time1_32.h5,6000.0,0.002,1.3336230445484665,-0.0354904597168234,1.8280459048924675,3.4879265738895056,1.2905807124115736,2.3592407862571805,0.0647936550611641,0.0647936550611641,1.7427351195289864,0.9017062080980064,0.4306709568269821,655.0708494466052,0.0965439378758555,1.993157404829344e-05,1200.000000000059,893.7194766737114,3.056741097407339,14.348182906589642,0.9241204987430888,0.0001612903225806,0.2659452929563697,0.9999999978873664,0.9999999637772252,450.5912106435343,-0.442399232852909,2286.7001337083702,22069.58608460176,119245.54686522018,2070538.049410128,7447502.870594966,0.8668437986440451,5.575761117655803,11.287094491636848,0.0002366781914987,0.0575915747596098,0.3355329738702256,1.0284261589970716,1.18742798799042,0.5760344859488109,6.445469106175201e-06,1.8590884503805396,-0.903975889033781,-0.0045073482342277,4.216552172224795,0.0006451612903225,0.0081846858936656,1.000000000000049,0.4616108134527727,209192.35986018268,0.0029457126545122288,0
1,33,time1_33.h5,6000.0,0.003,1.3598732678842596,-0.0233141430739335,1.8705597717195328,3.4456514282747523,1.2816437564249803,2.397391252444077,0.0650625084016668,0.0650625084016668,2.0041607851795247,0.6577279393981778,0.4413692493927929,634.1384640535342,0.0966751398728594,2.1623446460194504e-05,1113.333333333388,847.3624175727488,3.2945008584404945,16.87958207545646,0.9351561928402794,0.0001612903225806,0.2672039202996058,0.9999999996988675,0.9999999379715916,436.49147328813024,-0.4351523333860634,2431.9184410648663,20543.097168372224,164730.58644918405,3140008.853702337,11559786.453180876,0.8440289509681909,5.439968859883293,13.266227128308294,0.0001633530339268,0.0524618222827469,0.340086391421637,1.0327176093759878,1.2187565428602507,0.580754383515964,1.1596715937892652e-05,1.8641400170069344,-0.883508387516062,-0.0288423662007691,4.273749963725664,0.0006451612903225,0.0074634951119596,1.000000000000049,0.4590521222367139,259842.7412314904,0.0029457126545122288,1
1,34,time1_34.h5,6000.0,0.004,1.7782995355937723,0.3821630572527906,2.131971046276869,4.220067772393769,1.338626063177919,2.853912008486914,0.0863019223013846,0.0863019223013846,2.005404221493878,-0.7089927066887788,0.5515150661249415,848.9375264240834,0.1800344209880958,0.0002652495396857,1338.333333333399,1005.058303000881,2.699752620937001,11.438801708490066,0.8823844407897731,0.0001612903225806,0.3033441442553152,0.9999994051716854,0.999916682351697,469.19894660992674,-0.3907318777010546,6205.784876185607,118868.095218723,1584169.3951902003,7258342.961535379,22999856.83979841,1.0746003595645643,3.735268755891029,41.13982044294473,0.0001941282842456,0.2182549658489954,0.4743266384569881,1.136456370533667,1.3235837038852607,0.7643103951241184,3.1715825902560985e-05,2.30450328311955,-1.8038465175334035,0.4633306104855847,11.627894714653134,0.0005645161290322,0.0058353904177674,1.000000000000049,0.2446681119635347,875860.784013004,0.0029457126545122288,1
1,35,time1_35.h5,6000.0,0.005,3.093132128535437,1.0601552105037932,2.7148582643935577,6.244568807765968,1.4679693625222892,3.9853287557201793,0.0863019223013846,0.0863019223013846,1.8405139177983063,-0.7520240152703228,0.6907650841199262,925.5358166826038,0.2222067360618806,0.0002095768106907,1473.3333333334056,1016.3201243748792,2.377548202841037,9.602872356562122,0.8602812869804077,8.064516129031862e-05,0.2538009935243064,0.9999754203081171,0.9999081846607144,545.2451366437359,-0.3338497427663451,42577.19866780902,645926.2088635926,6878809.827299418,17001076.90396449,38830582.74252513,1.3645311829855142,6.597632044214826,85.72711024531499,0.0006715755276905,0.4046102412309743,0.4751080443115657,1.2232905392558548,1.4408271575950076,0.8025090728166142,0.0001087560237887,2.241897430549128,-1.7667901007979758,0.4751742801452533,60.77925932298493,0.0005645161290322,0.0040833198286067,1.000000000000049,0.1614367241127841,1937512.4069373535,0.0029457126545122288,1
1,36,time1_36.h5,6500.0,0.001,1.314256440806559,-0.0912032526804241,1.6830661519229189,3.3507479203773727,1.295043286108985,2.179643520125061,0.0689754275039517,0.0689754275039517,1.5340010829834887,1.636755906564268,0.4253107062931033,784.9307171062495,0.1008155800758727,1.4852430662909735e-05,1733.333333333181,1068.18181441234,2.225641149803918,8.075918430996847,0.8767969398154957,0.0001591511936339,0.27347095449736,0.999999997309658,0.9999998528444768,539.4942691287862,-0.4761806677673657,3327.4323179334715,15183.472284862888,43159.37839889907,684255.3912939068,1922388.015062612,0.9949689658435454,6.69462323292949,7.019166341760006,0.0012470169197886,0.0630749555619663,0.3349480239300483,1.029340582415078,1.1214528431730004,0.6083474617069907,2.430223687629412e-06,1.7970769172943364,-0.964484709980364,0.1102700902607681,4.212543875286641,0.0006366047745358,0.0084501676913784,0.999999999999912,0.2836821657976428,195501.1128585817,0.005340597669805986,0
1,37,time1_37.h5,6500.0,0.002,1.3302283675656648,-0.0751778317268075,1.7298158656609697,3.321263823746797,1.2873900328749293,2.22694770416085,0.0692628251185515,0.0692628251185515,1.5218533093334377,1.0677702801521134,0.4330268470160164,698.2799063927064,0.0977854420009942,1.865428202484848e-05,1299.9999999998856,980.3743919867512,2.9495250314074326,13.57781032940466,0.906022904642058,0.0001591511936339,0.2739591598671191,0.9999999913735708,0.9999997733207708,502.5596961423793,-0.4670416208735751,2510.9657716093666,22389.003197985225,88758.46463916122,1507652.099076488,4310397.225897789,0.9628375662161393,5.337191504113092,10.065901487418142,0.0004233124546596,0.0588719802755093,0.3388501610712029,1.032518485525467,1.168691035378942,0.6076944538423498,6.437446859445395e-06,1.846978906302222,-0.9335345943174326,0.0303729937681255,4.502108230394605,0.0006366047745358,0.0080341353759456,0.999999999999912,0.2848276238458609,285989.45091454644,0.005340597669805986,0
1,38,time1_38.h5,6500.0,0.003,1.3751346338052597,-0.0511339830758195,1.7784033170369318,3.162339265950042,1.2681996969815423,2.255370547777207,0.0692628251185515,0.0692628251185515,1.5184332131262692,0.5822111604251096,0.4533207029338709,614.5343480365327,0.0946286751146213,2.0912200129158555e-05,1003.8888888888006,843.0618941050711,3.4096984835297794,17.830648256965517,0.9360621797044087,0.0001591511936339,0.2745979175179732,0.9999999243574592,0.999999500075945,466.22728690946593,-0.452071637149439,2471.280739321744,20641.94060189745,193472.80671545488,3917179.510838285,11853679.497174852,0.9085763661254824,5.123294375099221,14.861245773055389,0.0001545763399809,0.0493908451680967,0.341525436501171,1.0429042352423965,1.2402900010472622,0.6066054207268717,2.0982310688909512e-05,1.8380247564496544,-0.8328779349133567,-0.0598400191053068,4.495385249962327,0.0006366047745358,0.006721675466852,0.999999999999912,0.2895387118410902,455980.7334369631,0.005340597669805986,0
1,39,time1_39.h5,6500.0,0.004,1.43615892519465,-0.0343772618569242,1.814896302419476,2.9737460261153945,1.2443488562429994,2.2583641381153234,0.0692628251185515,0.0692628251185515,1.5850037790494709,0.3493153590946521,0.4808931207959923,576.7037597078948,0.0941032661775472,1.935757588482062e-05,974.9999999999144,768.6103106813423,3.630264840824592,20.49547887288034,0.9583393432254692,0.0002387267904509,0.2750207795458618,0.9999998318502242,0.9999991261225404,449.5137562800427,-0.439686108128478,2585.97122915168,13996.218195492984,295988.7079025452,6961073.417884858,22903215.265587583,0.8618449224233092,5.515718184457254,18.38151050582112,8.569384836840455e-05,0.0425205553991243,0.3438580820581916,1.059389069707695,1.2939372799268196,0.6063214871745725,4.11605449901294e-05,1.779102849058925,-0.6888937641071922,-0.1464209893867687,4.177338159638138,0.0006366047745358,0.0049559890541229,0.999999999999912,0.2977486032718231,606497.6530066542,0.005340597669805986,0
1,4,time1_4.h5,2500.0,0.001,1.313655964424776,-0.0916658812508444,1.687907362178717,3.3351564730302248,1.2944333478489265,2.1848835776838467,0.0800044446913717,0.0800044446913717,1.584401448351748,2.1241741566076136,0.4254274430519374,434.1155128861056,0.0899492153181683,6.384279079920097e-07,720.8333333333627,768.5767493570868,3.914481186086516,21.6656414946831,0.8756176727355629,0.0003999999999999,0.1866952230403055,0.999999973331812,0.9993543926966568,210.75398710015108,-0.4781886918830206,320.88746042529726,2591.5972405353245,14258.048718772094,41956.52367466263,4070239.3014611513,0.1237550243203784,14.700410634777738,2.513972359572436,7.770864402972076e-05,0.3398291247704697,0.2758024761122875,1.0043111547423471,1.0284644157341505,0.7315379077751262,4.885077520927189e-07,1.8830910705421064,-0.9258208126469364,0.0316233664833367,0.2594985543685422,0.0015199999999999,0.0084084724939984,1.0000000000000409,0.4077276530409164,117709.09508459616,0.00486265734176468,0
1,40,time1_40.h5,6500.0,0.005,1.473651114236343,-0.0260310582283156,1.9131446478404788,3.006223532394106,1.2311954558042668,2.355454996717452,0.0694065239258514,0.0694065239258514,1.6519156486987123,0.2586279573470611,0.4979144917157599,566.5869266089452,0.0952574379022634,1.9386743212945987e-05,976.8055555554696,740.0963327137297,3.684740529442613,21.53132107460476,0.9654196861145756,0.0002387267904509,0.275322548435983,0.999999827291209,0.9999988996997076,445.2148462609249,-0.4341526565423647,2389.5510242696982,14658.550332110875,356582.6299589341,8560234.832061267,29666087.278804712,0.8413710234132278,5.249879607112988,20.175577619056043,6.190554258031222e-05,0.0416557065261106,0.3470017047309936,1.0710204485090586,1.3165168296717469,0.6073197120220191,5.061820211732349e-05,1.7517728737266482,-0.6288190344588084,-0.1803844563988484,4.003123767424766,0.0006366047745358,0.0040060645032253,0.999999999999912,0.3030298585793916,674295.7355508712,0.005340597669805986,0
1,41,time1_41.h5,6500.0,0.006,1.7347441512382182,0.157961327828513,2.16366776795786,3.31301770776128,1.2302787189188589,2.6619144097292224,0.0696939215404512,0.0696939215404512,2.3312808482455654,-0.442299341315382,0.5695040450692381,678.016170047859,0.133378517565831,6.331796661902342e-05,1002.0833333332452,853.588116653481,3.229482801364276,16.31692193386394,0.949455181743817,0.0071618037135284,0.2870915120660793,0.9999993839003192,0.9999978851262769,464.1043090291335,-0.4116253690096632,4131.102663494898,89180.21796249208,1505862.5898475773,12862868.83425997,45892872.00290071,0.9235129616626148,5.2651997612832,41.461080799655605,6.844683122772245e-05,0.1170705080842265,0.4398408761554637,1.1294556826479856,1.377757367763279,0.6678196546825379,6.609594755772241e-05,2.2990118961198784,-1.7427688030762267,0.408352725536343,9.881413371681406,0.0005570291777188,0.0021798773979227,0.0,0.283342892218797,979901.4863891192,0.005340597669805986,1
1,42,time1_42.h5,6500.0,0.007,2.6976647089287624,0.7427637324827364,2.582781511357627,4.295311394412133,1.2956772178767466,3.346451163019349,0.0877999712602385,0.0877999712602385,2.077070493011211,-0.8434874411784158,0.6956964576273013,836.0476881712258,0.2088179210701292,0.0002188875751382,1402.9166666665433,972.7364674911776,2.7015385814232467,11.814220739707718,0.9220352968298678,0.0071618037135284,0.3030676144933354,0.99998979693401,0.9999959272526294,528.9468614432291,-0.3647956816136074,17833.83582197613,474200.3540888055,6566998.833832327,22960447.0463863,66678440.70174805,1.165746504613932,4.9980624294088125,86.58275786732088,0.0001844283277201,0.2860135440989113,0.5032260683152129,1.1953913162757572,1.4674324883897485,0.7660961699666088,0.0001265017585358,2.4087496952732845,-2.0261666319876914,0.5820376095854348,33.06622452384595,0.0005570291777188,0.000763616196294,0.0,0.2180632545616266,1794320.349324271,0.005340597669805986,1
1,43,time1_43.h5,7000.0,0.001,1.340410657679391,-0.1207842921682755,1.6295605265788873,3.147495552896584,1.2827884256118758,2.0903813823293897,0.0740855070226886,0.0740855070226886,1.5260197169187797,1.3590177613031684,0.4372120842979722,778.4289758272553,0.1001466874989272,1.4068378467116902e-05,1479.7222222224343,1061.6161644298757,2.267569711645695,8.35457736520004,0.8752627364481853,0.0001587301587301,0.2840955058143732,0.9999998305419802,0.9999916452250396,567.7542389565643,-0.4953895661178469,3332.3123295335754,15713.946625382318,54884.62097001343,835110.590566562,1978814.95761468,1.0521658790224917,6.239656103040872,8.20125053890247,0.0011539051239188,0.0657213806051461,0.3427960517474902,1.039176963455831,1.1380329646322531,0.6591832296144079,7.768402259362558e-06,1.8062824859254871,-0.963126580837489,0.0934766800468026,4.578855488087151,0.0005555555555554,0.0082217178868998,1.0000000000001434,0.1420307049834179,438453.01258143474,0.00913760235676533,0
1,44,time1_44.h5,7000.0,0.002,1.3545923878516424,-0.1035188530527724,1.6443770324249083,3.0560519991909176,1.2746979025803844,2.096083954283388,0.0743941966352832,0.0743941966352832,1.520457413147397,0.8740463793029913,0.4458759723617365,700.1655701855846,0.0977094768073149,2.016491022584144e-05,1400.0000000002008,978.455064976112,2.9386900883200773,13.54496201688476,0.9050224673032864,0.0001587301587301,0.2847419213959324,0.9999994849967048,0.999987287198706,531.2069025659985,-0.4859768601721277,2531.141456005744,22882.40656515533,115671.97037792637,1832757.9597243213,4439949.263222612,1.0216806043482356,4.741810940761237,11.906075645503789,0.0003946403568186,0.0631136096090535,0.3475201026935385,1.0446711620504443,1.1890239401212042,0.6589949920154965,1.8051219826847345e-05,1.846741086616136,-0.9283388344208322,0.0188602676865341,4.843746208540553,0.0005555555555554,0.0078353587695311,1.0000000000001434,0.1428284777742175,647716.2045406397,0.00913760235676533,0
1,45,time1_45.h5,7000.0,0.003,1.3994087532786872,-0.0770870721060909,1.6366569574808176,2.802278909178588,1.254039810607397,2.052432980988524,0.0743941966352832,0.0743941966352832,1.520732202980362,0.4722610224438123,0.4688915568555077,623.3941935403376,0.0954146026755036,2.546894696379667e-05,1007.2222222223668,853.6829129257483,3.3532676873553964,17.30176866640792,0.9357843910063142,0.0001587301587301,0.2857583232950053,0.999997618179393,0.9999755051063244,495.7654423497279,-0.470756888538424,2541.370587273376,19743.101976029186,268490.6014502696,4712291.628700587,12234058.674084509,0.969148527046316,4.8398939081874754,18.139133108478703,0.0001474358706408,0.056976652254501,0.3499226511377047,1.0600978188968913,1.2653176225837688,0.6587240305092525,4.796579359327418e-05,1.8104436701820337,-0.7832588847122436,-0.0903606760345954,4.694094251998207,0.0005555555555554,0.0064886134096522,1.0000000000001434,0.1458646827743918,1036848.573125332,0.00913760235676533,0
1,46,time1_46.h5,7000.0,0.004,1.4287638044908109,-0.067127766261817,1.6271481067250162,2.667665489804309,1.2415969498327075,2.020262126235845,0.0742398518289859,0.0742398518289859,1.522554007450198,0.368225740537492,0.4834437177732432,596.3551536557017,0.094975168369482,2.4202340349264613e-05,976.1111111112511,806.6756651875459,3.5067108362468136,18.924178495990425,0.9494444157540168,0.0002380952380952,0.2861318115658686,0.999996030804945,0.9999682605282192,486.4456730162311,-0.4643220613375065,2575.499721444164,15350.181504525845,348760.4892408691,6437587.004481563,17527596.722064316,0.9442960430623482,5.127687514136594,20.673467933407537,0.0001058488201829,0.0541756544801767,0.3497800240352148,1.0692884836438954,1.295390595727962,0.6586121461968703,6.370125618050656e-05,1.758967601079684,-0.6669987027790824,-0.157326278253159,4.396478386582556,0.0005555555555554,0.0055972338121566,1.0000000000001434,0.1481969928298705,1211535.6246494253,0.00913760235676533,0
1,47,time1_47.h5,7000.0,0.005,1.4956260566476174,-0.051477552339532,1.6493262586124526,2.4696676914861038,1.2131425594608891,2.000867878759163,0.074857231054175,0.074857231054175,1.5266126189566915,0.2327883196872475,0.5191620348393955,567.6045546650632,0.0950319045117539,2.545633448079808e-05,935.277777777912,762.0138452434716,3.732612164278022,21.46796071904062,0.9683843930862734,0.0002380952380952,0.2866768139698291,0.9999915121132608,0.9999510326592708,476.8020617525402,-0.4533209098911449,2199.1524824711323,14450.339325318404,502914.4477090882,9999970.582036948,30804835.05416562,0.8934691887951272,6.172838725544271,24.82531651919492,5.321684287140987e-05,0.0502915927185304,0.3549113735459765,1.0933544422321717,1.344980552474203,0.6585104373702058,8.716393745993992e-05,1.785671816522263,-0.7055534284234423,-0.1433854037671456,3.874163252909917,0.0005555555555554,0.0036312569551279,0.0,0.1548236651817709,1509475.7215266968,0.00913760235676533,0
1,48,time1_48.h5,7000.0,0.006,1.5287558767788632,-0.0438937505898596,1.6599946742856309,2.37188172387511,1.1974215410108302,1.9877133809528715,0.074857231054175,0.074857231054175,1.5289906677365444,0.1855809402573589,0.5405900588823288,558.0870921620241,0.095169627185131,2.5913097969428577e-05,933.3333333334672,753.0464658421045,3.808179797491322,22.200710264537378,0.974777378949754,0.0002380952380952,0.2868706437461796,0.9999890701770592,0.999941163178415,475.1233444794947,-0.4486629507948805,2916.3596638577405,18857.51814565325,573125.4594027165,11644504.733413192,38750202.85290691,0.8653038191501015,5.754532536854709,26.50168533938794,5.7195178386672455e-05,0.049218534624162,0.3926739672301113,1.1056411518897464,1.36539410779291,0.6585275461400883,0.0001028862641226,1.785522251579448,-0.7066386150529131,-0.1420466454195612,5.008606816500621,0.0005555555555554,0.0026691412907223,0.0,0.1592950101442258,1628817.6131386033,0.00913760235676533,0
1,49,time1_49.h5,7000.0,0.007,1.577743714771083,-0.0230415101952694,1.690246579272592,2.2183588131806937,1.1639041514317043,1.967285010558607,0.074857231054175,0.074857231054175,1.5364149414479111,0.0950684333721791,0.591158382304268,548.0623916544178,0.0945314322125648,2.6025788192436725e-05,927.500000000133,750.260191413523,3.903122678906955,23.030395541761443,0.9840208085745816,0.0002380952380952,0.2871522210769989,0.999984177575318,0.9999177206119362,472.90674686086896,-0.4408018486830118,2598.5503457661744,24905.737086326924,692732.3313860961,14222134.322774556,57167598.8701009,0.7963890485914783,4.9069318362017205,29.136213929361663,3.603593722965036e-05,0.0487080430872314,0.398771590596408,1.1154612943458024,1.3907032279429574,0.6586632561511847,0.0001284464658402,1.8581978573658533,-0.8459068810446785,-0.0714942478836436,4.964022600100518,0.0005555555555554,0.0010526228464723,0.0,0.1712316513149902,1799539.7467104828,0.00913760235676533,0
1,5,time1_5.h5,2500.0,0.002,1.3435876799348216,-0.0648347724270436,1.8021698557102857,3.3401586587394587,1.2806418592757052,2.30793415474745,0.0800044446913717,0.0800044446913717,1.6273779739261254,0.8972439508996312,0.4389337753592744,353.6093083544864,0.0849453407247355,6.945669085600776e-07,649.305555555582,606.4988578977114,5.055430250408899,36.792227721502776,0.9207184291824696,0.0004799999999999,0.1939850328924257,0.9999995365655684,0.9976996898233588,186.7136694668188,-0.4630164952129063,345.87536650484844,1659.595859066142,22475.779428638587,147889.41467339196,20286027.13981735,0.0756851605139693,14.020859854647494,3.156368360473329,1.6906278282352417e-05,0.1519769314002322,0.2785839377807601,1.0047230135300769,1.0716406237437566,0.7273096923853407,1.925290184461877e-06,1.888620667831914,-0.8353615515341258,-0.0624709790144286,0.2759847270023661,0.0015199999999999,0.007492019769797,1.0000000000000409,0.4836311229682586,219006.4414352089,0.00486265734176468,0
1,50,time1_50.h5,7000.0,0.008,1.607539981578674,0.0071205065213878,1.7784339935482352,2.1861233832066698,1.1298248970453295,2.009319003662549,0.074857231054175,0.074857231054175,1.5499193407857217,-0.0031423278817914,0.6519639311786515,556.07573532364,0.0926946991595809,3.279292154298626e-05,927.500000000133,800.4093386734303,3.960075415712432,22.70646180961173,0.9860987416304228,0.0002380952380952,0.2874226407401256,0.9999764692526036,0.9998870758632292,472.3893916553846,-0.4342624227048681,2762.005445491546,25612.90055276183,788403.09708224,15461267.183469804,78866241.88408421,0.7113206290099623,5.079294819344987,31.083189332248335,2.9029650970436622e-05,0.0509921397597442,0.4176240124421999,1.1172020735393735,1.3995022230434526,0.6591720496283533,0.0001462494681757,1.824583308160225,-0.7810059188699846,-0.1048625258894992,5.236897187608281,0.0005555555555554,0.0001305354879604,0.0,0.188597062800991,1874762.639984069,0.00913760235676533,0
1,51,time1_51.h5,7000.0,0.009,1.7306753066271647,0.0757858792024493,1.858306030060837,2.2391436548246406,1.1187591621044943,2.078996897124591,0.074857231054175,0.074857231054175,1.6365569813067609,-0.2164542604124521,0.6909424506749389,607.9378263768926,0.1030216134070404,5.2717449144727375e-05,1036.3888888890376,849.3048044864418,3.638738540318783,19.367062138193297,0.9752863069748288,0.0019047619047616,0.288388576832203,0.9999687394738264,0.999866945900185,478.7562181851744,-0.4286128968360769,3312.416322135856,49568.25060218728,1153642.6465654485,16087928.769920258,91143957.93540722,0.6943514351784524,4.34193972403439,37.60003390046343,3.0546522413608367e-05,0.0717085874175689,0.4328142168509356,1.1253787502683752,1.4062282915988114,0.6638272132796864,0.0001620631602418,1.99688470709918,-1.1344843633886696,0.0833766170360687,7.897192871196252,0.0005555555555554,4.992749543585933e-07,0.0,0.199241314489921,1904388.527815599,0.00913760235676533,0
1,52,time1_52.h5,7000.0,0.0099999999999999,2.567283453292927,0.4888000861477579,2.1256883959137483,2.59464567213715,1.1297031629950316,2.4013969044055963,0.0745485414415804,0.0745485414415804,2.1331685431569487,-0.5990363539408915,0.7902171961574169,768.0254524763291,0.1432310642892653,0.0001848828488621,1153.055555555721,1011.9259744737252,2.879586511957624,12.529599537078662,0.9195311740847716,0.0019047619047616,0.2965614012386073,0.9999312053177076,0.999810754468507,522.8668771503446,-0.4024360704714086,8012.936613174346,248769.00715071015,3922701.281364892,21912801.28098327,119577100.04675125,0.801754088234837,4.532487676794567,69.33411087209474,5.500769182055863e-05,0.1790141402308592,0.4961459666821978,1.1845461115418203,1.4568799945812616,0.7046911638896859,0.0002114742379871,2.229007873213596,-1.6492493214487498,0.370694001003084,20.00063373599415,0.0005555555555554,0.0004622019897761,0.0,0.21679770465505,2128213.992784151,0.00913760235676533,1
1,53,time1_53.h5,7500.0,0.001,1.2741043702562116,-0.0780209730724682,1.587636998804201,3.3861385057048152,1.3155871860259007,2.088674891687425,0.0798466411068511,0.0798466411068511,1.558876320033622,2.9541878258009358,0.4065101768886566,1007.5509903678668,0.1103948534997371,3.52970320815123e-06,2000.0000000000816,1425.5378056196523,1.9633273877979265,6.082261193866055,0.8391161346317904,7.999999999999674e-05,0.2603423276085286,0.999998893140566,0.9997238492865218,732.3017234613469,-0.4698691599104823,4720.679308029407,7993.314405239154,23376.94730106225,257393.321639815,477893.6482027733,1.222488572438138,12.269687856290972,5.560730729049855,0.0061198009971341,0.090821887499377,0.3486971398844038,1.0412909193955773,1.0865540005480692,0.7265167791009083,1.0733345079188254e-05,1.1924701234702808,-0.0304962201844132,-0.2831713260488815,5.432038459220065,0.0005599999999999,0.00968985313576,1.0000000000000409,0.0498507401788286,713919.16724938,0.014106855697582374,0
1,54,time1_54.h5,7500.0,0.002,1.3231992388852722,-0.0270621254253619,1.6064833367529747,3.131128921130015,1.2971524737076097,2.0838538342391764,0.0801800300050008,0.0801800300050008,1.571431011546429,1.0175605482389087,0.4247754769075453,691.6476740366332,0.1013520434416272,1.497363059770492e-05,1293.7500000000528,982.4085852626188,3.015512255990532,13.896192204859682,0.9174812338180002,0.0001599999999999,0.2594447349620732,0.9999857604986928,0.9995738317753042,572.9662541730704,-0.4462495469676314,3940.534208243449,34807.31486851891,188291.19028485703,2201742.8557649357,4249259.365085357,1.1338008453414206,4.538544203105545,15.781699334134393,0.000590073354551,0.0855191557869006,0.3522342141878002,1.0515426886556731,1.2138291429869197,0.726481354042169,9.259522436392218e-05,1.8136282167098263,-0.900362906089292,0.0117548447097465,7.854107372841917,0.0005599999999999,0.0090850569045524,1.0000000000000409,0.0501435990379114,2084455.047528847,0.014106855697582374,0
1,55,time1_55.h5,7500.0,0.003,1.3535580580720843,-0.0096085759701977,1.6126551514040428,3.000510073127127,1.2856370686451513,2.0732892415865964,0.0801800300050008,0.0801800300050008,1.5717903958884996,0.7317461096133074,0.4368599459352282,674.2323443523964,0.1000912870465998,2.638353049428371e-05,1045.833333333376,958.8743715609484,3.0544536771024204,13.83060323226099,0.9391369325618726,0.0001599999999999,0.2590184808720909,0.999968605936308,0.9994714394829788,547.4918314855772,-0.4379737643577592,3708.481000260076,35492.89839969343,307582.40763775865,3755857.0409991695,7508455.908984901,1.1014130242806337,4.358503474727472,20.17063628123085,0.0003193911035497,0.0818940668614832,0.3546265087161765,1.05894998987963,1.2578573237458897,0.7264901398523479,0.0001585795432629,1.8051878464350697,-0.8287226253530939,-0.0509595954111149,7.863987632341669,0.0005599999999999,0.0084252498497273,1.0000000000000409,0.0506214173056382,2721824.950442186,0.014106855697582374,0
1,56,time1_56.h5,7500.0,0.004,1.429728419443379,0.0150162142932238,1.624302093992832,2.736993592344431,1.2570031981791678,2.041752926958109,0.0801800300050008,0.0801800300050008,1.5690509425374095,0.4224618641845234,0.4683891802793669,664.277512369751,0.0999295551947298,4.21852299556148e-05,1004.1666666667076,957.1322135584832,3.1996473721514045,14.808735884487067,0.9635013488578396,0.0001599999999999,0.2582039757522608,0.9998864514538116,0.999217650348426,520.8436275533844,-0.4241536389700506,4141.618193591682,23771.660635789118,569688.0262765493,7525213.367740317,16700016.659753583,1.0433650201452564,4.503541710268618,27.45087274920545,0.0001668471310987,0.0757039034559117,0.35413120137235,1.083014893933154,1.3264791990797336,0.7265389552560155,0.0003201845055579,1.719881928939963,-0.6159578565632127,-0.1817867815446239,7.3416734188082735,0.0005599999999999,0.0065624299526716,1.0000000000000409,0.0522769710053111,3851391.578690336,0.014106855697582374,0
1,57,time1_57.h5,7500.0,0.005,1.473708449811529,0.0224338900587943,1.6293827844693465,2.605826327533435,1.240153192949968,2.02068426269737,0.0801800300050008,0.0801800300050008,1.5672178227206504,0.3265827570514679,0.4881484636282075,656.9833234659994,0.1005610861183036,4.386840927646481e-05,1000.0000000000408,943.4617555359036,3.253721891460597,15.311207152796614,0.9709373591904032,0.0001599999999999,0.2578307413088236,0.9998149816370626,0.9990705448086308,514.263348876867,-0.4183058016673991,3874.348511124929,22017.99397344571,701094.1447889642,9497607.122311495,22615604.68013177,1.0153130967041408,4.476831429339887,30.45244469712369,0.0001179757953026,0.0738179770715062,0.3577167899990879,1.0989061806425533,1.3541930160832614,0.726573002138215,0.0004056510008566,1.675911652606102,-0.5202451452955553,-0.2358688594440425,6.909070892278469,0.0005599999999999,0.0054478641331166,1.0000000000000409,0.0535085200852123,4326100.516315324,0.014106855697582374,0
1,58,time1_58.h5,7500.0,0.006,1.5616453993141708,0.0307360721560168,1.631469441524548,2.341275577576871,1.2024801617833272,1.9618096379889929,0.0801800300050008,0.0801800300050008,1.5651826446310708,0.193513210250512,0.5366487637873179,648.4159871871531,0.1020934857614115,4.8301000958402856e-05,1000.0000000000408,920.9704056197204,3.312211089928645,15.962980606975588,0.9807803204406972,0.0001599999999999,0.257207723455199,0.9996077807672356,0.9987357983681968,509.2826423639329,-0.4083227489885758,4848.7776169002655,31280.941126523237,937144.0536336286,13009279.912674155,37086991.41400418,0.9514073478487272,5.023854018527192,35.20746091732622,9.494460167004602e-05,0.0720365815728683,0.4027118869318259,1.1311805676857258,1.3992280079112134,0.7266388120374079,0.0005593991997781,1.763606619689422,-0.6895186221278984,-0.148321082248022,8.871824484546291,0.0005599999999999,0.0031336351818046,0.0,0.0569844532035997,5059530.773785804,0.014106855697582374,0
1,59,time1_59.h5,7500.0,0.007,1.596574096988661,0.03465807597164,1.6277125561366117,2.214050101642112,1.1822267803666842,1.9243253746038125,0.0801800300050008,0.0801800300050008,1.565442072936955,0.1367318978417531,0.5657523081449375,636.7272949570041,0.102265605843753,4.7231798182783705e-05,1000.0000000000408,899.1178258830291,3.387193692617985,16.73696560262572,0.9840084453944332,0.0001599999999999,0.2569611778175305,0.999473513914637,0.9985412966520104,508.2915188523458,-0.4040549865974691,4646.435687976742,36395.82105605672,1029176.0043808888,14329955.108946389,45656972.95229692,0.9110606426848282,4.09001666829987,36.895797448832646,7.609978467458321e-05,0.0718199042883505,0.4028201588544041,1.1403943070198084,1.4138683592747847,0.7266577792464991,0.0006180205095629,1.8274634477962164,-0.8126644766993543,-0.0849708915709153,8.938964557530632,0.0005599999999999,0.0020659147875695,0.0,0.0593488008560222,5307573.299515366,0.014106855697582374,0
1,6,time1_6.h5,2500.0,0.003,1.378439049988391,-0.0486628230310633,1.8306104195001844,3.204717326817561,1.2657127992054835,2.3170270383203038,0.0799488860492249,0.0799488860492249,1.6225939376149214,0.5649680873248425,0.454223489020909,331.01275966871765,0.0823148248097175,6.484193881000276e-07,631.9444444444702,557.416834627576,5.321479598488941,42.01483777126289,0.94358929600083,0.0004799999999999,0.2081236198059919,0.9999988568033435,0.995502103782378,178.14948251474215,-0.4526091870990114,346.8323305717912,1829.8670949658651,19224.013298958587,197746.5203608524,41476034.860015705,0.0500620665969132,13.938152379684652,2.919116270735042,8.318283148334749e-06,0.0972154314719579,0.2801322305969724,1.0049321081354263,1.1007664641522708,0.7237015794784218,4.170558996260776e-06,1.9016044906513927,-0.841889719642708,-0.0681498420666939,0.2780787792129328,0.0015199999999999,0.0063304943199274,1.0000000000000409,0.620589226649154,242648.3025560282,0.00486265734176468,0
1,60,time1_60.h5,7500.0,0.008,1.636679040100509,0.0423746839173632,1.6129788354039831,2.020783546313809,1.140931817800123,1.840298874750592,0.0801800300050008,0.0801800300050008,1.5694144620313897,0.029491221996347,0.6334372529458003,616.5507652189104,0.0999757163579521,4.518453241025037e-05,991.6666666667072,882.859324542634,3.494111307754634,17.60887611718961,0.9859500999635497,0.0001599999999999,0.2566049570419465,0.9991446274930472,0.9980809897299816,507.2820176634214,-0.3964874873417623,4474.45563413031,40131.561678675775,1122218.1560882607,15716131.470601508,65516188.73612148,0.8094697490461112,4.957314734749659,38.527727022991314,5.4302209905102085e-05,0.0714054955691529,0.4097658026063428,1.1498623221966524,1.4272084157485063,0.7266430084124109,0.0006805721581118,1.785953269619045,-0.7306128402173551,-0.1282397265622287,8.946486785594173,0.0005599999999999,0.0004811399247542,0.0,0.0658170306452363,5549715.107079846,0.014106855697582374,0
1,61,time1_61.h5,7500.0,0.009,1.6401474909730749,0.0444045348023832,1.601187951353548,1.936057846464316,1.120790204610518,1.7945957716174392,0.0805134189031505,0.0805134189031505,1.5732668740957136,-0.0227622974484186,0.671347258619891,599.9957400115483,0.0972376476202519,3.95437337268813e-05,981.25000000004,865.6454832484062,3.555255034837314,18.211501563495183,0.9840689323251895,0.0001599999999999,0.2564832554104808,0.998947008996471,0.9978081643654988,507.2819129854701,-0.3930077533271394,4520.971691567228,41218.40282183229,1117570.651728083,15699018.415097332,76824832.44463423,0.7484216935037624,5.571382561787373,38.44797026412588,4.825604329145717e-05,0.0711872947835607,0.4129352273100808,1.1499738179042978,1.42701128535579,0.7266033498572884,0.0006805721581025,1.7757752417903154,-0.7116740817534848,-0.1375906947274967,9.01826962961783,0.0005599999999999,0.0001031138453403,0.0,0.07022216493745,5541254.403184431,0.014106855697582374,0
1,62,time1_62.h5,7500.0,0.0099999999999999,1.631992379487422,0.0439403573660497,1.5755673996591952,1.8445012701909005,1.1015311979202085,1.7355366451506211,0.0801800300050008,0.0801800300050008,1.578220728022633,-0.0759188550706377,0.711208060029642,591.5968314936414,0.0932520818391793,4.078143462860328e-05,975.0000000000398,864.5178629948803,3.5689383993733523,18.326032756942872,0.9803353239874908,0.0001599999999999,0.2563931395595652,0.9987217947288084,0.9975039971436988,507.5021604608893,-0.3896376117102973,4741.108619613053,41256.88710252302,1080451.8935378743,15204635.777020754,89051623.43578887,0.6810899450763392,5.605873102969748,37.80415948297033,4.4989435743400725e-05,0.0710606889492739,0.4130869550976963,1.1467177664377022,1.4224256384830016,0.7265446498541904,0.0006592755618118,1.7704033954813243,-0.7031729320979617,-0.140939033129733,9.195174571597256,0.0005599999999999,7.289816444847653e-05,0.0,0.0757035748330107,5446812.160927309,0.014106855697582374,0
1,63,time1_63.h5,7500.0,0.011,1.5845618185304915,0.0327962729888286,1.4803475444969283,1.6397259052249726,1.0669657589556685,1.5794801413323254,0.0801800300050008,0.0801800300050008,1.590110288374739,-0.1884614233406069,0.793218359730694,565.4204955648285,0.0808442030224957,3.764368519589536e-05,947.9166666667052,860.4232167784446,3.642223258523716,18.878482047685548,0.9688547936539176,0.0001599999999999,0.256307236881315,0.9981841524659426,0.9967938126532172,508.5939024755066,-0.3831091849570847,4856.420795308324,31722.54835336901,935593.632041784,12931090.065011304,116226326.45039466,0.5312677745367839,5.332669165426887,35.1788147300212,3.731988111448626e-05,0.0723522632150939,0.4179677670071605,1.129532443350538,1.397254505105222,0.7263790629140372,0.0005593991997733,1.6846766633718884,-0.539935712862671,-0.2236338699251717,8.762613354095086,0.0005599999999999,0.0011236196605373,0.0,0.0913741069136163,5008454.302059597,0.014106855697582374,0
1,64,time1_64.h5,7500.0,0.012,1.5548295330045665,0.0217582395814551,1.4115294439053214,1.5279747641048833,1.0521637307762808,1.485160085799992,0.0801800300050008,0.0801800300050008,1.5963442989151675,-0.24948023906398,0.8331411150479476,546.3574714659557,0.0724558167054283,3.331325183559575e-05,918.7500000000376,847.2712141555562,3.675057584570113,19.27190769598729,0.9616641561323552,0.0001599999999999,0.2563156952608497,0.9978686729739368,0.9963889589200648,510.11557575822,-0.3799468349937845,4024.284198348815,25916.19940324836,837505.8331818148,11291971.662855431,131140268.77305125,0.4519546486174708,5.399560679884901,33.28363040964849,2.8082993686469232e-05,0.0741682549502637,0.4218472812506608,1.1145020793494,1.3767650313511357,0.7262830941534436,0.0004870950035148,1.6459891857583786,-0.4650013318623653,-0.2623478098660203,7.349234845238832,0.0005599999999999,0.0021605295519096,0.0,0.1027709224734489,4671557.079230903,0.014106855697582374,0
1,65,time1_65.h5,7500.0,0.013,1.552632609330185,-0.012284043899705,1.3366978670242236,1.3951071322135873,1.0282847957354726,1.3745060931530455,0.0801800300050008,0.0801800300050008,1.6084576654575289,-0.4211133803262611,0.904708213770258,508.1876167234647,0.052430107719067,2.6977516470021724e-05,766.6666666666979,838.2836163835899,3.7417497771837054,19.923892414951,0.9425168377173738,0.0001599999999999,0.2565126592266323,0.9971360798383324,0.995508606197183,520.9755874382054,-0.3739682021373681,4622.567064262898,27873.044701170096,602120.7504363412,7497136.918364268,163539956.89409053,0.29502068236375,5.174016122474442,28.22116415694876,2.692678403191743e-05,0.0803134259108225,0.4437422672320477,1.0881154803898334,1.32730351425514,0.7260934077270902,0.0003201890868335,1.7100623050154165,-0.6065171569211123,-0.1812498973400975,8.275538735084373,0.0005599999999999,0.0049223522723984,0.0,0.1387323964530451,3788391.893820698,0.014106855697582374,0
1,66,time1_66.h5,7500.0,0.0139999999999999,1.6544309339710437,-0.0462873777778596,1.308328541789363,1.3470163995284028,1.0192813425049176,1.3335548725125632,0.0801800300050008,0.0801800300050008,1.6140606873849546,-0.5416578252877036,0.9342547647636066,482.0686655293218,0.0415431910133926,2.0952170198091096e-05,675.0000000000275,835.5863872352867,3.864603696326808,21.06061220573596,0.9289175231596424,0.0001599999999999,0.2567518538322798,0.9966621926568424,0.9950315617834864,531.716373177292,-0.3712785483619806,4460.643289719337,33980.565244240526,470665.5901225669,5571408.34500284,181054613.82775307,0.2213894715717045,4.780511539015102,24.950842575329062,2.3836482835891088e-05,0.0844787459430649,0.4583201245734348,1.0789879493441916,1.2969657502503005,0.7260083177504338,0.0002366645088411,1.7548847727964971,-0.7105926777953817,-0.1196746836498261,8.689992148214461,0.0005599999999999,0.0064499633851659,0.0,0.1686145641032831,3255227.7611950445,0.014106855697582374,0
1,67,time1_67.h5,7500.0,0.015,2.9339431688409454,0.0365522968732215,1.318223933260234,1.3421412033327913,1.0119080856167044,1.3339214567194857,0.0801800300050008,0.0801800300050008,1.7749371203037796,-0.538836685510014,0.9777304343636912,542.6155720937712,0.0356017541269353,4.2697493802250535e-05,835.4166666667007,896.6951288354157,3.388721572771906,16.690126024329594,0.8330915535902372,0.0018399999999999,0.259195012694883,0.9952559419553212,0.9939426811459396,587.257715296818,-0.3640666785657307,5114.067473247507,51409.13116342169,624344.4466006581,3973133.106648992,218349598.15464172,0.1601990329547443,3.816766837818185,28.7370333329488,2.29326678956023e-05,0.1571415882231141,0.5259506420389523,1.183302293413225,1.2900415563097427,0.732907330496088,0.0001227158143769,1.8945140866609296,-1.0330644548487415,0.0599751979392515,10.444150705143498,0.0004799999999999,0.0094853973075286,0.0,0.2891260084693031,2092536.1350812584,0.014106855697582374,1
1,68,time1_68.h5,8000.0,0.001,1.3023546484103508,-0.1150177044780183,1.6315312456279751,3.3792199181502545,1.3022527226194969,2.12466600665781,0.0869722775865192,0.0869722775865192,1.6976532987931428,2.4985180759370054,0.4185961111751067,1071.3473722196898,0.1089128310857541,9.120030864719134e-06,2537.777777777663,1447.6405763620562,1.8102325959865808,5.413147256842898,0.8346104835648329,0.0001630434782608,0.2709564891419279,0.999999921133998,0.999995046509082,754.7602034014814,-0.4913791212409116,4852.09840793981,8398.161555662227,34959.41877872971,288199.26801002043,514410.698599341,1.2654231479015017,11.05955156488586,7.087207305126528,0.0057028518728362,0.121302940913487,0.3523788154870151,1.058029471455168,1.1024666929829063,0.8132496157486372,4.7702288907324735e-06,1.2122921714538673,-0.0387126149339183,-0.3088522670483624,6.1532802652684175,0.0004891304347826,0.0083963470304642,0.9999999999999546,0.0983643469199155,424411.9918093762,0.005321338763032498,0
1,69,time1_69.h5,8000.0,0.002,1.3405039887965922,-0.0597842944020146,1.7730893311215783,3.356489406820839,1.2846064639310215,2.277722015885911,0.0871534698314912,0.0871534698314912,1.5922794805287774,0.767853095303122,0.438318746040293,780.9076953254565,0.1020259608180502,4.011118939411189e-05,1575.5555555554845,1051.4483852637456,2.65977489352199,11.169746260053785,0.9176780299361368,0.0001630434782608,0.2692634821410109,0.999998150414913,0.9999898281562584,598.643239303961,-0.4655673455073881,4248.803352450635,36761.64783032223,292349.49953742465,2476404.23115155,4609361.130215287,1.182957755794672,3.9050496992056742,20.49490163356976,0.0005726825162972,0.1180540300569101,0.3609787523315345,1.0723455520477012,1.2431949582339814,0.8125224367173796,5.28589099599249e-05,1.808073327468486,-0.8923099119875237,-0.0016648896021148,8.959488588196264,0.0004891304347826,0.0070913773079744,0.9999999999999546,0.098660693167165,1241943.6391368147,0.005321338763032498,0
1,7,time1_7.h5,2500.0,0.004,1.42154564678274,-0.0377811917877619,1.7693649855971127,2.913244705869425,1.2476793472726428,2.207600150316875,0.0799488860492249,0.0799488860492249,1.6961184826778386,0.385617715554411,0.4737389940633226,298.3966114702771,0.0803344629313957,4.828092891491255e-07,562.500000000023,531.2657765280579,5.839868619061139,49.55726120843544,0.9606035866951264,0.0005599999999999,0.2359026623695996,0.9999989017593642,0.991233667244678,173.27023719796742,-0.4435148777193536,347.19210959669294,1944.0041290708664,17552.671928515265,204901.16562946356,69070733.01920325,0.0330531864366117,13.900488464557824,2.789327623557921,5.01031408328184e-06,0.0856640901704626,0.2792675503562616,1.005062499836063,1.125122552973406,0.7175839879345196,6.014994960384277e-06,1.928986041664002,-0.8872336702729361,-0.0496177036609776,0.2742723174529842,0.0015199999999999,0.0049418097390956,1.0000000000000409,0.9205332186615868,209659.0709455017,0.00486265734176468,0
1,70,time1_70.h5,8000.0,0.003,1.3728123646276915,-0.0393992949966868,1.8587418827962023,3.356827529483016,1.273134279683388,2.3664280080710878,0.0871534698314912,0.0871534698314912,1.599858090640499,0.5059909042893002,0.4517816694015896,758.5364191704616,0.1017326577631763,6.090280530106754e-05,1433.3333333332685,1018.147160105854,2.698877016399336,11.274721468936796,0.9394195483697568,0.0001630434782608,0.2685125635638783,0.9999919793885425,0.999986391247031,574.2820349045037,-0.4564722670162293,4187.399880331127,37865.90979159351,490056.1866712529,4224568.745065266,8178280.586416378,1.152742048710546,4.213440367743969,26.53495219527437,0.0003237273451016,0.1160014705036317,0.3651030552781509,1.0824930385333833,1.2911855682436375,0.8121140365042993,0.0001011023546933,1.7908337082883512,-0.8111363193008079,-0.066260935923672,9.020700926188349,0.0004891304347826,0.0061151295585897,0.9999999999999546,0.0995146720021963,1623978.3194480108,0.005321338763032498,0
1,71,time1_71.h5,8000.0,0.004,1.4168974622103634,-0.0208230029694489,1.9684424722288505,3.383435145378459,1.2596678897016926,2.4795837749916987,0.0871534698314912,0.0871534698314912,1.6212831775728649,0.3261412506329672,0.4681209430807179,776.0396393861361,0.1024332360985081,9.330920762011196e-05,1362.2222222221606,1047.4770154385662,2.6700602433264176,10.88701402324234,0.9534074697013344,0.0001630434782608,0.2678831951024409,0.9999775460153938,0.9999824062508952,559.4518731365054,-0.4484521549084124,4479.241046819902,34175.400148904824,716142.7339577179,6254079.499194682,12757164.668383868,1.1250294966466534,4.361737412878299,32.077036873054055,0.0002266129531872,0.1145080957237485,0.3662241634805596,1.095689667584159,1.331342559358916,0.8116297943373049,0.0001675053150599,1.7479399769592532,-0.7038656044164053,-0.1330919986835595,9.008149588734994,0.0004891304347826,0.0050102368001386,0.9999999999999546,0.1008383270501181,1979206.44936706,0.005321338763032498,0
1,72,time1_72.h5,8000.0,0.005,1.5501434823809306,0.0186961620695889,2.243913143355075,3.480813769201875,1.2282319312824987,2.7560457736931863,0.0871534698314912,0.0871534698314912,1.715063287637827,0.0667687007734615,0.5111229128549646,793.827097730407,0.107663238674366,0.0001409515195567,1386.6666666666038,1054.968085444399,2.6342372646708374,10.652604159996402,0.9681208447118588,0.0001630434782608,0.267775332708098,0.9999240865248872,0.9999742257254576,545.9215610288016,-0.4344961363530719,4980.956647707977,38879.481581566055,1239825.2711911278,10590220.270161193,24957880.27254837,1.074367539129392,16.81867535499234,42.20485481138846,0.000135235272425,0.1170726613387293,0.3813267837236681,1.1301354834545387,1.3968601426700522,0.8100008603433314,0.0003602868928342,1.7985315750764157,-0.7862867290832022,-0.0970903528007082,9.953050576536771,0.0004891304347826,0.0027304936603746,0.0,0.1048622851124074,2591577.3251164425,0.005321338763032498,0
1,73,time1_73.h5,8000.0,0.006,1.698730763847352,0.0983466784006691,2.3961966979787395,3.6287803546830406,1.221975178750907,2.9280928883349038,0.0871534698314912,0.0871534698314912,1.8848398930546093,-0.2401071059132952,0.5524201254968232,868.6680270586055,0.1297771550762463,0.0002117765990561,1551.1111111110408,1112.42902602323,2.461260967524617,9.47779751223252,0.9627917110072858,0.0020380434782609,0.2776470663647464,0.9998975638044356,0.9999687141265916,551.3011515067982,-0.4229882718839548,8360.664025696082,89505.20622396469,1906174.5558099612,12952653.011818372,32658155.236344937,1.0890871011957586,10.824049962091664,52.33059533868269,0.0001755894276363,0.1471647973639619,0.4312304902563527,1.1554084553073427,1.4303891586037911,0.8039579988255472,0.0004913645564929,1.933082865213234,-1.0704637824168068,0.0599883501992026,18.962744295270184,0.0004891304347826,0.0017993504038992,0.0,0.1050639928708759,2927003.236884857,0.005321338763032498,1
1,74,time1_74.h5,8000.0,0.007,2.2084604880777965,0.4728720331275793,2.460241141709321,3.979339959278581,1.2650913969486235,3.1124299027955225,0.0871534698314912,0.0871534698314912,2.228821625459493,-0.6427772276532709,0.6434684599527909,999.9213974044872,0.1956858157667325,0.0004380589801255,1584.4444444443727,1168.6468292613686,2.233825280868344,8.116829209688603,0.942972843896685,0.003913043478261,0.3005538559276177,0.9998856894479328,0.9999545955765758,589.0975325849184,-0.3922909508978194,25954.618782433827,402767.7412600591,5002749.229704464,17330945.94359769,41903741.835005045,1.2505293206428103,7.062483584133345,84.78023489309655,0.0004013632328864,0.2886599061577798,0.4858270059857092,1.244959654290774,1.5072404553859169,0.7831595089583989,0.0006517521363322,2.0453966983205767,-1.367811520603064,0.2434912980429532,61.10206989519013,0.0004891304347826,0.0012076510671209,0.0,0.095243521590831,3699742.0790120834,0.005321338763032498,1
1,75,time1_75.h5,8500.0,0.001,1.2715981565698369,-0.0772955315521819,1.675847912179428,3.595486869821194,1.317023504330955,2.207131090024265,0.0909263118014775,0.0909263118014775,2.3035240529158227,2.6205153079416235,0.4053460885110584,1217.319106752332,0.1125325018040561,2.448575351373872e-05,2833.333333333459,1575.283988753373,1.6566614167133966,4.788148919074915,0.8417513225990813,8.021390374331194e-05,0.2578737006726907,0.999999997233602,0.9999998736695296,814.3857285389585,-0.4673707702888063,2873.146375189571,13724.60605122169,46548.46128218305,302930.2890967009,514025.7844072872,1.327610012475225,5.716946093193084,8.36016045818703,0.0032645596050991,0.1536606373069677,0.3622480805710166,1.0637424031627114,1.1128134908820335,0.8653934532411999,2.226831163235473e-06,1.1843398519868984,-0.0347696373568993,-0.2996323858037156,8.093930820283608,0.0004812834224598,0.0094695191317154,1.0000000000000446,0.1710370378649643,274298.52205464954,0.003154848369242181,0
1,76,time1_76.h5,8500.0,0.002,1.3336943800267158,-0.0213177612364825,1.9330697020645025,3.7510897597065065,1.2957080556694502,2.50469398513552,0.0911157416177306,0.0911157416177306,1.830184384444129,0.8000135903026667,0.4287468303709052,878.9132766566448,0.1043827208478404,5.480729381428544e-05,1700.0000000000755,1121.461604171998,2.40728790245698,9.621581858947303,0.9184214753354668,0.0001604278074866,0.2582399917353973,0.9999997439700706,0.9999996643577664,638.0345649917242,-0.4387051259356183,6267.657623785428,46171.639956480445,386189.678197698,2594857.897830752,4619317.102501668,1.2389909515204134,3.139767472961726,24.08035357001574,0.0008190014592495,0.1488288351052073,0.3704146099564424,1.0794897957864125,1.2601188846611695,0.8614804200207784,2.682094503573784e-05,1.7900486820111934,-0.8827350026026798,-0.002196444470764,11.902352800691196,0.0004812834224598,0.0079655781981138,1.0000000000000446,0.1702760668869837,794700.8786038535,0.003154848369242181,0
1,77,time1_77.h5,8500.0,0.003,1.3859047524167143,0.0057947529926394,2.11173834521854,3.903256620603786,1.2838479529531197,2.711150951681431,0.0911157416177306,0.0911157416177306,1.8859044903228004,0.4630314575882827,0.4459433938683881,869.8466918800895,0.1070837777277977,8.06907728021576e-05,1643.3333333334062,1090.715628409601,2.414346964126791,9.570123555636622,0.939967173860043,0.0001604278074866,0.2625222185591292,0.9999983367573848,0.9999995327611908,611.4999697731259,-0.4279184502934341,6169.415404496624,51781.87758267563,655781.0501103224,4424369.879584032,8213661.593465637,1.2089538988556183,4.234155838452475,31.37917341596065,0.0004620674458782,0.148220213941963,0.3847231386119495,1.092957257070117,1.3106417514021766,0.8564933394772254,5.424875488139609e-05,1.7879184244227224,-0.830960595814422,-0.0515787335330553,12.570713189622166,0.0004812834224598,0.0067964754220004,1.0000000000000446,0.1695011091218685,1047842.5713670396,0.003154848369242181,0
1,78,time1_78.h5,8500.0,0.004,1.7219813358222815,0.3192382004047483,2.260893792129259,4.511347818115532,1.3320316073344445,3.011581991942404,0.0844856980488728,0.0844856980488728,2.414281581210291,-0.6659027858837059,0.5358826143624094,1048.808396888668,0.1756318697673127,0.0002170441795885,1836.944444444526,1180.1172175946313,2.114796459997736,7.744217133929261,0.9285989085152194,0.0019251336898394,0.2984566225341489,0.9999967466170752,0.9988594526460984,629.1737921335367,-0.3923233344917876,17061.829825595807,218406.3570101028,1964312.518071985,7208796.003266625,13043169.279299062,1.3618331621159774,4.524586353590946,54.240440169239776,0.0007599333181087,0.2724882930772168,0.4677186506014962,1.1725281770987974,1.3920135338878927,0.7921836591383176,9.51320741026742e-05,1.984422181682082,-1.2859488648807045,0.2143046158040162,36.38655709293927,0.0004812834224598,0.0057625659429357,1.0000000000000446,0.12818565424559,1706965.6712782015,0.003154848369242181,1
1,79,time1_79.h5,8500.0,0.005,3.161483762438088,1.057407218216276,2.9549877269259137,7.428543885818029,1.4947087789202007,4.416846097037612,0.0803182420913051,0.0803182420913051,2.411046881355605,-0.8536363021142803,0.6895466680688234,1248.9355316611122,0.2444959860800675,0.0005039697189584,2139.1666666667616,1260.356044033892,1.8279906117748368,6.309517580226543,0.9263691050817364,0.0019251336898394,0.2586830656462786,0.9999577669221876,0.9990341953479128,721.3802359303066,-0.3294114943580067,86989.49414836908,1347617.8612218483,7160752.219233975,12770828.089366836,19582214.127233837,1.6540668049740137,6.086765653606479,103.57543246562908,0.0021243684818745,0.5607116601308034,0.4574663478078071,1.3255431693496609,1.5310714215231782,0.7558203966158845,0.000331737701474,2.0129884271729583,-1.48040001898164,0.3639933491403664,157.89546944915423,0.0004010695187165,0.0046090733824794,1.0000000000000446,0.0890653369320293,3218951.1784714987,0.003154848369242181,1
1,8,time1_8.h5,2500.0,0.005,1.5061094556741548,-0.0042526174981135,1.7386179930665893,2.665939027124252,1.2257156074843265,2.131051209554795,0.0873381854547474,0.0873381854547474,2.219020897440488,-0.2879597422608368,0.5098764758950061,393.6924722156714,0.0864533956306236,4.50131161710386e-06,714.5833333333625,701.1870674631715,4.690902908089247,30.1408275384458,0.9678089320324668,0.0054399999999997,0.3023531929304339,0.999999455752311,0.9999940429605134,175.2247667257642,-0.4318582213088809,385.3923284798544,4913.764625766238,183539.46872360384,764267.1001331143,111152415.22992262,0.0771236492709957,12.130054835866485,9.019760423762335,3.4377640386866567e-06,0.2401509481327095,0.347771719002305,1.0289927034796893,1.1592290446090614,0.805914304822226,5.7234126910814165e-06,2.485722912048054,-2.0125108093476856,0.5224450699745021,0.4663105025271113,0.0015199999999999,0.003154460968143,0.0,1.2133473947934363,221379.4886283792,0.00486265734176468,1
1,80,time1_80.h5,9000.0,0.001,1.3433884948482546,-0.154939695636853,1.6869211801432835,3.372066557113229,1.286866417393273,2.170842215515819,0.0952569954356023,0.0952569954356023,2.491765817476044,1.9768157281219736,0.4332241774065652,1185.5098937433684,0.107385058548682,5.323335903589002e-05,2885.0000000004143,1539.208816676591,1.6835203799147915,4.903422856048116,-0.8355286281671613,0.0006349206349205,0.2834540830549094,0.9999999996876118,0.9999999847378034,816.9156292605508,-0.5162429214759148,4842.8692072072845,8314.25948168926,56908.2313209212,300832.0589707275,572030.9934450639,1.3069671400159033,9.699603161819654,9.45928688212105,0.0051359882080012,0.1891694373120607,0.3690502522464474,1.0900788319446255,1.1219590770522632,0.923868148089066,1.3279165241024368e-06,1.2338768787367975,-0.0501172646881238,-0.3372968143963317,6.8151819168883865,0.0004761904761904,0.0081108655545406,1.0000000000001437,0.2411967918742649,219351.21372546817,0.0022662204522670426,0
1,81,time1_81.h5,9000.0,0.002,1.3524328116277204,-0.1194841730947911,1.8327683742191163,3.492617125363668,1.2786255651652807,2.3434244983029706,0.0952569954356023,0.0952569954356023,2.0221061332376595,0.9163186719007392,0.4436796498608373,958.285558755387,0.1041746843637431,6.430560155078203e-05,1900.0000000002728,1173.59012104473,1.915980197796033,6.579500917769396,0.8808761839512724,0.0001587301587301,0.2858064675789529,0.999999987295588,0.9999999710921548,702.1070450790628,-0.5000647472847148,5704.066686407727,25123.18441905295,222788.45744915184,1179922.6539878207,2286929.645598137,1.2632440775640632,4.776694487761207,18.71618679548548,0.001533158375217,0.1888161539200784,0.3746820111228506,1.0972994583517188,1.2117192139195367,0.9182116203265772,6.425542627490475e-06,1.774894602629787,-0.9320168475681408,0.0572987444255063,9.513418601358005,0.0004761904761904,0.0075173713111521,1.0000000000001437,0.2389341571086042,430178.33426545287,0.0022662204522670426,0
1,82,time1_82.h5,9000.0,0.003,3.730429274836416,1.2676108517798563,3.0870562342405017,9.203234822000113,1.589017675379652,4.905386921099105,0.0797777336773169,0.0797777336773169,2.4932780444201046,-1.240057367419002,0.7236174177366126,1344.141711425929,0.2575555140566175,0.0007055454861026,2400.0000000003447,1246.213948596118,1.5860461458975983,5.580365115858862,0.9016316107333906,0.0018253968253965,0.2613540844563121,0.9999342886666656,0.9977572038309592,814.0673341743621,-0.377970457172298,114426.3494814653,1332406.1665256033,5038820.950824369,6798723.724130916,9847455.19501228,1.79773065494685,7.602906355889565,89.00921463177859,0.0049467049376877,0.7411421842220075,0.453872629155623,1.368784884540345,1.489141182814183,0.7429274135846126,0.0001827911188804,1.9563377818518048,-1.5078380279892132,0.436053411677516,165.00208495027732,0.0003968253968253,0.0062614432651843,1.0000000000001437,0.0864375760022098,2564642.777934975,0.0022662204522670426,1
1,83,time1_83.h5,9000.0,0.004,5.216898646852365,1.72515326537756,3.8002686777326775,15.09913077458836,1.80456232124754,6.857821666453601,0.0799761857511411,0.0799761857511411,2.38138987143708,-0.7282830729894018,0.8134573200405122,1440.2934343958675,0.3408408142047734,0.0015020584418435,2577.50000000037,1251.2489907692516,1.5840710262089286,5.603134034534904,0.922102368169586,0.0018253968253965,0.2573879797276459,0.9994155549216848,0.9969308548765676,899.5860869201683,-0.3534689130897549,358890.2943278686,4256996.428211946,13170476.385176364,13297466.823239688,16019769.289070776,1.925387602803664,8.106433420706782,143.9037739254162,0.0076191692412176,0.9904500278322648,0.4675292042423781,1.455757504935634,1.6136696277543567,0.7390708998057495,0.0004837532011792,1.909966271601718,-1.4868161721422035,0.4391290733008307,469.1397728982355,0.0003174603174602,0.0058783965641487,1.837500000000264,0.07426801435924,4253578.877667968,0.0022662204522670426,1
1,84,time1_84.h5,9500.0,0.001,1.3054933111856089,-0.1204674983455221,1.6993552742620297,3.520253096536031,1.301334660767695,2.211429919355572,0.1000208376745155,0.1000208376745155,3.152827127619533,2.1440758627442245,0.4210837665713633,1262.524263925633,0.1112613954508456,3.578469549196696e-05,3032.0833333333026,1611.1263608517795,1.6529916927130488,4.8088747952419455,0.8349702743440424,7.894736842105343e-05,0.2696111691480771,0.9999999999526386,0.9999999966104928,876.7499018452361,-0.4924280660281789,9901.23762602821,12204.709888114436,73154.43044846659,306000.3702783942,579888.6230755737,1.397564953708914,6.134750067544901,10.98711779655446,0.0100914681448982,0.2390664768866517,0.3712038956559523,1.098866171191177,1.1346504489792086,0.9924316615859288,9.522798609481086e-07,1.2006528540910248,-0.0435384482252306,-0.3287329911433228,9.310792869210491,0.0004736842105263,0.0083590183418252,0.9999999999999898,0.2933252160012959,203000.0580136233,0.001813142078071514,0
1,85,time1_85.h5,9500.0,0.002,1.3273418460828617,-0.0819735692497536,1.8685217805215848,3.673570230539821,1.291821650812235,2.41379689109201,0.1000208376745155,0.1000208376745155,2.2866738224682197,0.9969727506288208,0.4325097307010401,1016.3427444126368,0.1076183731578669,7.540498691347085e-05,2037.2222222222017,1196.2403160636986,1.80918234414365,6.112063660701222,0.886786106502605,7.894736842105343e-05,0.2834437509618288,0.999999995449465,0.9999999905776228,745.697247395322,-0.4744583859615426,4514.306844097426,56646.10880208331,290906.4430205833,1193508.5183681345,2319758.936779617,1.347096462070868,4.640150293844776,21.90989771688345,0.0011678955758014,0.2437405670286586,0.388084089254894,1.1060787580278442,1.229143926540402,0.9719678384835384,4.647859809985494e-06,1.7490632873725898,-0.9209086465307444,0.0605831112851707,13.080129671223114,0.0003947368421052,0.0077233749173926,0.9999999999999898,0.2846055310202873,397580.7755853852,0.001813142078071514,1
1,86,time1_86.h5,9500.0,0.003,2.9583888094506205,0.9703709731845016,2.940176787605034,8.151437584310498,1.5143748911418111,4.452529902667054,0.0795999166493019,0.0795999166493019,2.579045945231398,-1.3886087324558334,0.6523394424558637,1384.317139139151,0.2440162480381433,0.0007200159720406,2638.8888888888623,1319.8570803047116,1.5445082975007436,5.213470301316302,0.8713479311505816,0.0061578947368421,0.2530610713994801,0.9999871280544912,0.9980230723174538,819.264299478249,-0.3821941252872352,60921.360985241874,592307.4525260135,2270425.3144503203,3533879.8724934137,5533574.966917855,1.7419883114323589,8.513725995601355,61.20923670936189,0.0050805443559061,0.6424738237772546,0.4634488857539582,1.3189008118240129,1.407865079798806,0.744878547875114,8.083877314246955e-05,1.877917023206719,-1.3610995747886458,0.3578926357019327,94.57680194913024,0.0003947368421052,0.0072438116443444,0.9999999999999898,0.0976862189945573,1689928.4232616068,0.001813142078071514,1
1,87,time1_87.h5,9500.0,0.004,5.961283433842026,1.912744431066789,3.992518279611301,19.40819363545284,1.928963247968539,7.701421028212779,0.0802250468847676,0.0802250468847676,2.296641617356169,-0.5445636098867682,0.8348779962797066,1528.199163786424,0.3616595888390751,0.0021696244530084,2649.444444444417,1291.1185408124404,1.550873152290561,5.33507590372633,0.8870249299508898,0.0140526315789475,0.2430883613084221,0.9991095068769592,0.9972257964522582,968.4695108549962,-0.3312188218081204,539053.828802936,6109915.821934694,17029414.80301742,15151525.72873099,16755582.346371649,1.9705349959977132,9.432667865300337,167.63298197963755,0.0096977431390588,1.1239405923804422,0.4740104395014805,1.4955544129977307,1.6590300118724297,0.7381022763926669,0.0006077034650677,1.831414691556653,-1.3851414771555275,0.3905894516460971,739.4970433048485,0.0003157894736842,0.0045331882459341,1.7958333333333152,0.0718242982555883,4923155.5822257325,0.001813142078071514,1
1,88,time1_88.h5,10000.0,0.001,1.269110494986458,-0.0755146345603617,1.6812487306387194,3.630011109150436,1.3187962733185905,2.217224560487953,0.1052862469839877,0.1052862469839877,3.9088688268027303,2.283915119199134,0.4042061052067801,1301.1716947092077,0.1141563396441726,5.526076493817697e-05,3074.999999999969,1587.6642730468127,1.5344297979097326,4.385492841405574,0.8438781334432681,7.894736842105343e-05,0.2551083541857131,0.999999999989924,0.999999999240149,937.046210984706,-0.4649958212887002,8711.129852781396,14713.308046319751,103787.3554630433,306853.83970334526,585869.515396517,1.4631546241027034,8.972072764269361,13.423352047516612,0.0085408664128471,0.3382305907052719,0.3776189464951734,1.1079960504884363,1.1487887864494213,0.931944256933379,7.159065429238731e-07,1.1659980813412822,-0.038549603824899,-0.3202353102626212,12.712315772675206,0.0003947368421052,0.0095408273885059,0.99999999999999,0.3354008081303675,200055.605243084,0.0015542224672644915,0
1,89,time1_89.h5,10000.0,0.002,1.3252283164164609,0.0148432926163108,1.8162612835555385,3.855543628858745,1.3236264655097874,2.4040515031948875,0.0908093880236894,0.0908093880236894,2.7463559521131256,0.6169815997644966,0.4393667689151271,1169.573633550842,0.1318186411626361,0.000126686610416,2499.9999999999745,1264.4398921011718,1.6063053881237406,5.309795747177656,0.8918824554759718,7.894736842105343e-05,0.3056283179696221,0.9999999969731214,0.9999999803254814,796.2916982503986,-0.4377777345830735,10696.82114646778,82969.87726744439,433003.4863387717,1226927.4481911245,2361168.700209907,1.458078196070799,3.876082059102332,27.41791553907677,0.0025996181266189,0.3529169446629909,0.3972659184127775,1.1260853062454008,1.2532159293071805,0.8742260477848075,5.060432333019569e-06,1.7132948478536587,-0.9265166198593074,0.085429375901659,21.636275339526268,0.0003947368421052,0.0086905458617371,0.99999999999999,0.2337291413321451,483255.12169352494,0.0015542224672644915,1
1,9,time1_9.h5,2500.0,0.006,2.168327329291919,0.4851547324405215,2.2382506125684527,3.641605224240168,1.2742199966420655,2.8520236880310748,0.0878937718762153,0.0878937718762153,1.8626934065321277,-0.8179553700562953,0.6134799356007212,787.1728446077514,0.1375117663013818,8.67438086242602e-05,1293.7500000000528,1115.5725789177527,2.6604275097915946,10.446178243786829,0.9386769280651384,0.0055199999999997,0.3244969401280278,0.9999951666714764,0.9999560565384756,257.1345657536289,-0.3953495499121148,4302.008529078137,116037.8596492716,4087979.418355328,14298018.886616182,151224144.94398066,0.5861279906188691,6.1942540407105415,42.568152506843866,2.534611608987959e-05,0.2859122967155909,0.4462173925790851,1.1321529360570215,1.279503399301607,0.853434611067012,2.3690360784702395e-05,2.593902312663664,-2.3088260413320163,0.7048387940725056,3.4836471285833017,0.0017599999999999,0.0019085376083888,0.0,0.342105834733185,1001609.8939230852,0.00486265734176468,1
1,90,time1_90.h5,10000.0,0.003,3.8460160071028526,1.3082513118243109,3.3324730621229954,11.072121668796504,1.6368101162794324,5.454625620311616,0.0805001096731739,0.0805001096731739,2.422276088172417,-1.0802879577399536,0.6991382065157938,1406.3775294353627,0.3100638033980292,0.0012468375559099,2505.55555555553,1248.318303729945,1.5576163693214968,5.46795894186617,0.8756025039462031,0.011921052631579,0.2331411002635618,0.9999510648892124,0.9974161539143006,902.1865001534806,-0.334123894753759,99867.6596479639,1062937.014003526,3336694.9965305114,4001515.198485352,5729226.678504956,1.8635575698732931,7.437691702444883,76.1108077282824,0.0070179876649956,0.8338578840818879,0.4549829422805188,1.404162268643896,1.4673128645041429,0.743951516560308,0.0001119350427321,1.868181956657843,-1.395846039298664,0.3868353691943203,147.72224549036508,0.0003157894736842,0.0084086648386101,0.99999999999999,0.0875894130076119,2108663.858254239,0.0015542224672644915,1
1,91,time1_91.h5,10500.0,0.001,1.3538753664020973,-0.1645191809837498,1.699126532322479,3.3812349850418397,1.2840670104149712,2.1817923266760824,0.1111368372308404,0.1111368372308404,3.231494707109593,1.5887976114786708,0.436141353188378,1280.1957163806308,0.1092687588283072,8.563617807370019e-05,2800.0000000000346,1587.0738301150373,1.595691919485628,4.614687744574759,-0.8387964379991144,0.0005555555555555,0.2874046072728004,0.999999999996346,0.9999999997593884,926.8668892474136,-0.521795032552648,3327.1297371018986,13665.881896233628,132668.63636740495,286119.4104434574,668869.982500541,1.413899549111569,4.735610241078483,15.587864845758038,0.003011928304758,0.4636827545596483,0.3824951903209084,1.155020860667035,1.1622069425476993,0.8579283192579844,6.03389095128185e-07,1.2169629148214611,-0.0550438770764105,-0.3627794295159116,10.397738609539926,0.0003968253968253,0.008169679693894,1.0000000000000124,0.3851560890211831,191862.98349997817,0.001396960044729048,0
1,92,time1_92.h5,10500.0,0.002,2.685957696104827,0.8320639578247058,2.8489710147740186,7.585072677746523,1.4769882682381932,4.207896765371886,0.0810372771474878,0.0810372771474878,2.519291687352048,-1.2021398425602223,0.6350085854853458,1406.8887721651083,0.2552089748846272,0.0008409262173075,2633.7500000000323,1306.1175460674033,1.42890184717173,4.715088866220668,0.8405864852449308,0.004126984126984,0.2578349270314057,0.9999935150197992,0.9978015745397808,889.5904178454737,-0.4347393742011692,41391.616574509055,285466.7825988096,1180362.1653477082,1523400.635055272,2816931.8039861503,1.7423836881877055,5.046937223255482,46.49537733152136,0.0070784508578703,0.7748205811302438,0.4648870826761443,1.332334493486148,1.3551802666747643,0.7542060492184682,3.870618392760221e-05,1.7593430990387735,-1.1899124737543632,0.2766040027975076,64.01673473891289,0.0003174603174603,0.00806069369117,1.0000000000000124,0.1026426495456949,1194496.2500232973,0.001396960044729048,1
1,93,time1_93.h5,10500.0,0.003,5.133464247674971,1.704937021281784,3.778169626641073,16.404882445093133,1.8325149645514116,6.923552379433385,0.0810372771474878,0.0810372771474878,2.236551828349625,-0.6747437510721392,0.800796403134925,1478.1500564021678,0.3419766941862026,0.0019032870199937,2508.333333333364,1249.510180142893,1.5083381284869275,5.3793727038055446,0.8894212656288237,0.004126984126984,0.2496811217507668,0.9997471531463368,0.9963698476336632,998.4840617736172,-0.3822656531311122,182552.1028055476,2217671.285251492,6057398.8983113,5217184.317835404,6773935.20395557,1.959091960848532,5.796797036509322,105.3287013115117,0.008927302448149,1.1610475170684595,0.4653628242681163,1.5075346036994572,1.5501959655858444,0.7475987131867509,0.0001969712475574,1.9005653958332072,-1.5083151508831203,0.4594575426981412,257.8771195891677,0.0003174603174603,0.0076301620031634,1.7250000000000212,0.0767279726724273,2972348.9182086806,0.001396960044729048,1
1,94,time1_94.h5,11000.0,0.001,1.3085852555259592,-0.1254922670316728,1.7113682692134815,3.549878901926784,1.3008017443976552,2.2261508298996926,0.1176759009561167,0.1176759009561167,3.824776667174528,1.7749432708567083,0.4205149226016258,1292.9147464172995,0.1124576352152717,8.074507705764912e-05,2933.333333333337,1549.662776804608,1.521073477537536,4.371848948169931,0.8380030629722202,8.021390374331541e-05,0.2741236658063383,0.9999999999981248,0.999999999848261,987.025066745032,-0.494306165080644,9277.40542833155,15058.899021464436,179985.589138522,270058.13802233594,682661.2793440542,1.49398855174525,7.569525996865747,18.676418918936765,0.0080182145101426,0.6664697848269833,0.3969645045513354,1.173883372791333,1.1799706529143852,0.7809180896739869,5.443386303189776e-07,1.174595456516049,-0.0465123617236517,-0.3560643584776725,14.924330386466812,0.0004010695187165,0.0082695923457237,1.000000000000001,0.4130860362637595,201047.05139172063,0.0012991744510970804,0
1,95,time1_95.h5,11000.0,0.002,2.923291552208876,0.9509805493151848,2.957922275566974,8.491529064453873,1.521584144742346,4.5007276358829085,0.0821279725422897,0.0821279725422897,2.3796426728403635,-0.9012421811475172,0.6420193466821233,1449.0521825479696,0.2782324043575203,0.0013708232696506,2707.222222222226,1311.5633723154758,1.4193124099829193,4.703676847560862,0.8677646520283728,0.0040106951871657,0.2411417332422938,0.9999901692120272,0.9976410244756716,938.095057059982,-0.3996036109905531,49723.59022934073,390503.0612630403,1467160.687883132,1536321.7563840328,2895507.0942310514,1.8031219670353744,5.33992733457118,53.32287237154597,0.0078438073003177,0.9549826927767516,0.4803886776558803,1.3863432748705065,1.3925876454684198,0.7663397380782434,4.4435308820882966e-05,1.743173315931596,-1.1900253396137312,0.277585393874677,83.0157906064297,0.0003208556149732,0.0080965706143626,1.000000000000001,0.0994861038334815,1324356.7874571162,0.0012991744510970804,1
1,96,time1_96.h5,11000.0,0.003,4.429035117706739,1.570522786999345,3.240048817039116,13.785158627698973,1.807465577282405,5.85627670551278,0.0821279725422897,0.0821279725422897,2.0207643602333447,-0.2703883605400281,0.7830850590666674,1524.1537108531088,0.3519739561468816,0.0021827309792018,2710.277777777781,1271.7790407670343,1.4104206647334243,4.915447146708015,0.9136081213415436,0.0040106951871657,0.2336012502064009,0.9997688295786804,0.9971396388723522,1022.8250463339076,-0.3641695305961009,226959.3730896855,2318255.943503756,5966825.629904199,5046835.678113988,6798367.876459725,1.975445334341961,6.031000503501043,107.53423828684411,0.0111488258186289,1.1822904509809626,0.4706853699651618,1.5374681581245222,1.5790232574233471,0.7629050683472076,0.0001946053660588,1.8090197490712567,-1.3792078887397057,0.3970208895475444,329.7334222064413,0.0003208556149732,0.0071188371223178,1.000000000000001,0.0793124324037889,2968500.551063295,0.0012991744510970804,1
1,97,time1_97.h5,11500.0,0.001,1.265430696605906,-0.0722112959944084,1.7342204969742656,3.780961181012729,1.321648082043936,2.29202919366732,0.1250325605626465,0.1250325605626465,4.416990475833651,1.932607997077545,0.4033011600279472,1363.253858535981,0.1172331571129453,7.270245366338505e-05,3066.6666666666583,1593.4288941128436,1.4566699443189293,4.161289831935283,0.844139420558585,8.1521739130435e-05,0.2598227813989252,0.9999999999998082,0.9999999999507846,1049.339600938853,-0.461798184888167,6291.367494547501,14921.480184670654,234130.2396467024,262417.5912948096,691758.4351194422,1.5155893385967836,4.006754594865556,21.798349297814315,0.0052015445006841,0.8922048193928885,0.4124792629920755,1.20078943055002,1.200015847519994,0.7018774039196356,4.7438541786165517e-07,1.129618996535583,-0.0409798770422972,-0.3491224715227617,21.395549503326865,0.0003260869565217,0.0096200446678508,0.9999999999999972,0.434720714748397,214939.7871527121,0.001239244016761887,0
1,98,time1_98.h5,11500.0,0.002,3.0072060983107702,0.992481878361262,3.0206598347473284,9.0169299067597,1.541756453976458,4.657121795489155,0.0836155248762698,0.0836155248762698,2.410537155401605,-0.7518468710638153,0.6311628332899972,1503.401241537335,0.2441890136413765,0.0004332841581702,2807.9166666666592,1311.422979081312,1.2718139917885805,4.271003445045697,0.8486333495762165,0.0079076086956521,0.2281436793872032,0.9999807132089116,0.9966070980624384,975.6718781322444,-0.3636894786785113,61711.91957858225,435642.2606919548,2071428.384733549,1074071.8004256692,3006096.541051456,1.7870888912480352,3.329316136256547,65.22529205066847,0.0092814521338136,1.9285753372471133,0.4988437868850724,1.4222914505658943,1.4217061662354449,0.7880615383636382,4.626417977346744e-05,1.7405520381200297,-1.2109996051251704,0.29114395860493,98.04626237473111,0.0003260869565217,0.0087486081622847,0.9999999999999972,0.1017827623804055,1373819.2723639798,0.001239244016761887,1
1,99,time1_99.h5,11500.0,0.003,4.92186914035293,1.6450368946625946,3.249211619205936,13.571533672316036,1.7959672351511249,5.835477608166194,0.083876009377442,0.083876009377442,2.255727316280223,-0.5076663946095907,0.7681386383171215,1481.538596884617,0.2656198776020807,0.0005953227292421,2561.944444444437,1233.7536654395765,1.3079457040467144,4.634610550411676,0.8733586473959852,0.0,0.2026006145257653,0.9997646149032218,0.997719814069356,1048.476357137895,-0.3321688974402314,184532.65863877127,1159775.3804361625,8800558.914138004,3043438.35988294,7317978.348805206,1.7582674913236127,4.412361474793168,134.5641242305307,0.0089988347806588,2.891650125115891,0.4516911198322026,1.5800590036846662,1.603820836118243,0.7851519008565544,0.0001899735405816,1.7010766239228603,-1.2371344886297628,0.3304311989540105,441.1073253576501,0.0003260869565217,0.0074316389854777,1.666666666666662,0.0831303722347289,2950109.5335847475,0.001239244016761887,1
