fold,model,subset,num_features,f1,recall,precision,accuracy,roc_auc,pr_auc,selected_features
1,Logistic Regression,Set A (All 48),48,1.0,1.0,1.0,1.0,1.0,1.0000000000000002,"kurtosis, skewness, crest_factor, margin_factor, shape_factor, impulse_factor, zero_crossing_rate, kurtosis_1st_derivative, skewness_1st_derivative, off_harmonic_energy_ratio, spectral_centroid, spectral_entropy, spectral_flatness, spectral_rolloff_85, spectral_spread, spectral_skewness, spectral_kurtosis, cross_correlation_coeff, cross_axis_peak_delay, bivariate_orbit_radius_ratio, coherence_at_tpf, coherence_at_dominant_resonant, cross_spectral_centroid, multi_axis_energy_asymmetry, d1_energy, d2_energy, d3_energy, d4_energy, a4_energy, wavelet_energy_entropy, d1_wavelet_kurtosis, d3_wavelet_std, d1_relative_energy, d3_d4_subband_energy_ratio, permutation_entropy, higuchi_fractal_dimension, katz_fractal_dimension, phase_space_ellipsicity, phase_space_area, ar_coeff_1, ar_coeff_2, ar_coeff_3, ar_residual_variance, autocorr_first_zero_lag, harmonic_peak_ratio, dominant_peak_tpf_ratio, transimpedance, acceleration_jerk_rms"
1,Logistic Regression,Set B (Fold Top 20),20,0.875,0.7777777777777778,1.0,0.9047619047619048,0.9814814814814814,0.9751543209876545,"ar_coeff_2, impulse_factor, d2_energy, crest_factor, ar_coeff_1, ar_coeff_3, multi_axis_energy_asymmetry, coherence_at_dominant_resonant, spectral_flatness, cross_axis_peak_delay, spectral_entropy, katz_fractal_dimension, skewness_1st_derivative, skewness, kurtosis, coherence_at_tpf, kurtosis_1st_derivative, d1_wavelet_kurtosis, higuchi_fractal_dimension, d3_energy"
1,Logistic Regression,Set C (Fold Pruned 12),12,0.875,0.7777777777777778,1.0,0.9047619047619048,0.962962962962963,0.957842312008979,"ar_coeff_2, impulse_factor, d2_energy, multi_axis_energy_asymmetry, coherence_at_dominant_resonant, spectral_flatness, cross_axis_peak_delay, katz_fractal_dimension, skewness_1st_derivative, coherence_at_tpf, kurtosis_1st_derivative, d1_wavelet_kurtosis"
1,Logistic Regression,Set D (Fold Top 6),6,0.875,0.7777777777777778,1.0,0.9047619047619048,0.9722222222222222,0.9709595959595962,"ar_coeff_2, impulse_factor, d2_energy, crest_factor, ar_coeff_1, ar_coeff_3"
1,Random Forest,Set A (All 48),48,0.9473684210526315,1.0,0.9,0.9523809523809523,0.9907407407407407,0.9882716049382716,"kurtosis, skewness, crest_factor, margin_factor, shape_factor, impulse_factor, zero_crossing_rate, kurtosis_1st_derivative, skewness_1st_derivative, off_harmonic_energy_ratio, spectral_centroid, spectral_entropy, spectral_flatness, spectral_rolloff_85, spectral_spread, spectral_skewness, spectral_kurtosis, cross_correlation_coeff, cross_axis_peak_delay, bivariate_orbit_radius_ratio, coherence_at_tpf, coherence_at_dominant_resonant, cross_spectral_centroid, multi_axis_energy_asymmetry, d1_energy, d2_energy, d3_energy, d4_energy, a4_energy, wavelet_energy_entropy, d1_wavelet_kurtosis, d3_wavelet_std, d1_relative_energy, d3_d4_subband_energy_ratio, permutation_entropy, higuchi_fractal_dimension, katz_fractal_dimension, phase_space_ellipsicity, phase_space_area, ar_coeff_1, ar_coeff_2, ar_coeff_3, ar_residual_variance, autocorr_first_zero_lag, harmonic_peak_ratio, dominant_peak_tpf_ratio, transimpedance, acceleration_jerk_rms"
1,Random Forest,Set B (Fold Top 20),20,0.9473684210526315,1.0,0.9,0.9523809523809523,0.9814814814814814,0.9751543209876543,"ar_coeff_2, impulse_factor, d2_energy, crest_factor, ar_coeff_1, ar_coeff_3, multi_axis_energy_asymmetry, coherence_at_dominant_resonant, spectral_flatness, cross_axis_peak_delay, spectral_entropy, katz_fractal_dimension, skewness_1st_derivative, skewness, kurtosis, coherence_at_tpf, kurtosis_1st_derivative, d1_wavelet_kurtosis, higuchi_fractal_dimension, d3_energy"
1,Random Forest,Set C (Fold Pruned 12),12,0.9473684210526315,1.0,0.9,0.9523809523809523,0.9907407407407407,0.9882716049382716,"ar_coeff_2, impulse_factor, d2_energy, multi_axis_energy_asymmetry, coherence_at_dominant_resonant, spectral_flatness, cross_axis_peak_delay, katz_fractal_dimension, skewness_1st_derivative, coherence_at_tpf, kurtosis_1st_derivative, d1_wavelet_kurtosis"
1,Random Forest,Set D (Fold Top 6),6,0.9473684210526315,1.0,0.9,0.9523809523809523,0.9814814814814814,0.9751543209876543,"ar_coeff_2, impulse_factor, d2_energy, crest_factor, ar_coeff_1, ar_coeff_3"
1,XGBoost,Set A (All 48),48,0.9473684210526315,1.0,0.9,0.9523809523809523,0.9907407407407407,0.9882716049382716,"kurtosis, skewness, crest_factor, margin_factor, shape_factor, impulse_factor, zero_crossing_rate, kurtosis_1st_derivative, skewness_1st_derivative, off_harmonic_energy_ratio, spectral_centroid, spectral_entropy, spectral_flatness, spectral_rolloff_85, spectral_spread, spectral_skewness, spectral_kurtosis, cross_correlation_coeff, cross_axis_peak_delay, bivariate_orbit_radius_ratio, coherence_at_tpf, coherence_at_dominant_resonant, cross_spectral_centroid, multi_axis_energy_asymmetry, d1_energy, d2_energy, d3_energy, d4_energy, a4_energy, wavelet_energy_entropy, d1_wavelet_kurtosis, d3_wavelet_std, d1_relative_energy, d3_d4_subband_energy_ratio, permutation_entropy, higuchi_fractal_dimension, katz_fractal_dimension, phase_space_ellipsicity, phase_space_area, ar_coeff_1, ar_coeff_2, ar_coeff_3, ar_residual_variance, autocorr_first_zero_lag, harmonic_peak_ratio, dominant_peak_tpf_ratio, transimpedance, acceleration_jerk_rms"
1,XGBoost,Set B (Fold Top 20),20,0.9473684210526315,1.0,0.9,0.9523809523809523,0.9907407407407408,0.9882716049382716,"ar_coeff_2, impulse_factor, d2_energy, crest_factor, ar_coeff_1, ar_coeff_3, multi_axis_energy_asymmetry, coherence_at_dominant_resonant, spectral_flatness, cross_axis_peak_delay, spectral_entropy, katz_fractal_dimension, skewness_1st_derivative, skewness, kurtosis, coherence_at_tpf, kurtosis_1st_derivative, d1_wavelet_kurtosis, higuchi_fractal_dimension, d3_energy"
1,XGBoost,Set C (Fold Pruned 12),12,0.9473684210526315,1.0,0.9,0.9523809523809523,0.9907407407407408,0.9882716049382716,"ar_coeff_2, impulse_factor, d2_energy, multi_axis_energy_asymmetry, coherence_at_dominant_resonant, spectral_flatness, cross_axis_peak_delay, katz_fractal_dimension, skewness_1st_derivative, coherence_at_tpf, kurtosis_1st_derivative, d1_wavelet_kurtosis"
1,XGBoost,Set D (Fold Top 6),6,0.9473684210526315,1.0,0.9,0.9523809523809523,0.9907407407407407,0.9882716049382716,"ar_coeff_2, impulse_factor, d2_energy, crest_factor, ar_coeff_1, ar_coeff_3"
1,LightGBM,Set A (All 48),48,0.8888888888888888,0.8888888888888888,0.8888888888888888,0.9047619047619048,0.9814814814814814,0.9751543209876543,"kurtosis, skewness, crest_factor, margin_factor, shape_factor, impulse_factor, zero_crossing_rate, kurtosis_1st_derivative, skewness_1st_derivative, off_harmonic_energy_ratio, spectral_centroid, spectral_entropy, spectral_flatness, spectral_rolloff_85, spectral_spread, spectral_skewness, spectral_kurtosis, cross_correlation_coeff, cross_axis_peak_delay, bivariate_orbit_radius_ratio, coherence_at_tpf, coherence_at_dominant_resonant, cross_spectral_centroid, multi_axis_energy_asymmetry, d1_energy, d2_energy, d3_energy, d4_energy, a4_energy, wavelet_energy_entropy, d1_wavelet_kurtosis, d3_wavelet_std, d1_relative_energy, d3_d4_subband_energy_ratio, permutation_entropy, higuchi_fractal_dimension, katz_fractal_dimension, phase_space_ellipsicity, phase_space_area, ar_coeff_1, ar_coeff_2, ar_coeff_3, ar_residual_variance, autocorr_first_zero_lag, harmonic_peak_ratio, dominant_peak_tpf_ratio, transimpedance, acceleration_jerk_rms"
1,LightGBM,Set B (Fold Top 20),20,0.8888888888888888,0.8888888888888888,0.8888888888888888,0.9047619047619048,0.9814814814814814,0.9751543209876543,"ar_coeff_2, impulse_factor, d2_energy, crest_factor, ar_coeff_1, ar_coeff_3, multi_axis_energy_asymmetry, coherence_at_dominant_resonant, spectral_flatness, cross_axis_peak_delay, spectral_entropy, katz_fractal_dimension, skewness_1st_derivative, skewness, kurtosis, coherence_at_tpf, kurtosis_1st_derivative, d1_wavelet_kurtosis, higuchi_fractal_dimension, d3_energy"
1,LightGBM,Set C (Fold Pruned 12),12,0.9473684210526315,1.0,0.9,0.9523809523809523,0.9814814814814815,0.9751543209876543,"ar_coeff_2, impulse_factor, d2_energy, multi_axis_energy_asymmetry, coherence_at_dominant_resonant, spectral_flatness, cross_axis_peak_delay, katz_fractal_dimension, skewness_1st_derivative, coherence_at_tpf, kurtosis_1st_derivative, d1_wavelet_kurtosis"
1,LightGBM,Set D (Fold Top 6),6,0.8888888888888888,0.8888888888888888,0.8888888888888888,0.9047619047619048,0.9629629629629629,0.9427469135802469,"ar_coeff_2, impulse_factor, d2_energy, crest_factor, ar_coeff_1, ar_coeff_3"
2,Logistic Regression,Set A (All 48),48,0.875,0.7777777777777778,1.0,0.9047619047619048,0.9351851851851851,0.9353344186677521,"kurtosis, skewness, crest_factor, margin_factor, shape_factor, impulse_factor, zero_crossing_rate, kurtosis_1st_derivative, skewness_1st_derivative, off_harmonic_energy_ratio, spectral_centroid, spectral_entropy, spectral_flatness, spectral_rolloff_85, spectral_spread, spectral_skewness, spectral_kurtosis, cross_correlation_coeff, cross_axis_peak_delay, bivariate_orbit_radius_ratio, coherence_at_tpf, coherence_at_dominant_resonant, cross_spectral_centroid, multi_axis_energy_asymmetry, d1_energy, d2_energy, d3_energy, d4_energy, a4_energy, wavelet_energy_entropy, d1_wavelet_kurtosis, d3_wavelet_std, d1_relative_energy, d3_d4_subband_energy_ratio, permutation_entropy, higuchi_fractal_dimension, katz_fractal_dimension, phase_space_ellipsicity, phase_space_area, ar_coeff_1, ar_coeff_2, ar_coeff_3, ar_residual_variance, autocorr_first_zero_lag, harmonic_peak_ratio, dominant_peak_tpf_ratio, transimpedance, acceleration_jerk_rms"
2,Logistic Regression,Set B (Fold Top 20),20,0.875,0.7777777777777778,1.0,0.9047619047619048,0.8981481481481481,0.9094525844525845,"spectral_entropy, impulse_factor, d2_energy, ar_coeff_3, margin_factor, crest_factor, shape_factor, skewness, d3_d4_subband_energy_ratio, ar_coeff_2, cross_axis_peak_delay, ar_coeff_1, cross_correlation_coeff, bivariate_orbit_radius_ratio, autocorr_first_zero_lag, phase_space_ellipsicity, kurtosis_1st_derivative, cross_spectral_centroid, kurtosis, spectral_flatness"
2,Logistic Regression,Set C (Fold Pruned 12),12,0.875,0.7777777777777778,1.0,0.9047619047619048,0.9074074074074074,0.9179503367003368,"spectral_entropy, d2_energy, ar_coeff_3, d3_d4_subband_energy_ratio, cross_axis_peak_delay, ar_coeff_1, cross_correlation_coeff, bivariate_orbit_radius_ratio, autocorr_first_zero_lag, phase_space_ellipsicity, kurtosis_1st_derivative, cross_spectral_centroid"
2,Logistic Regression,Set D (Fold Top 6),6,0.875,0.7777777777777778,1.0,0.9047619047619048,0.888888888888889,0.9164392462638078,"spectral_entropy, impulse_factor, d2_energy, ar_coeff_3, margin_factor, crest_factor"
2,Random Forest,Set A (All 48),48,0.8,0.6666666666666666,1.0,0.8571428571428571,0.9861111111111112,0.9837261503928171,"kurtosis, skewness, crest_factor, margin_factor, shape_factor, impulse_factor, zero_crossing_rate, kurtosis_1st_derivative, skewness_1st_derivative, off_harmonic_energy_ratio, spectral_centroid, spectral_entropy, spectral_flatness, spectral_rolloff_85, spectral_spread, spectral_skewness, spectral_kurtosis, cross_correlation_coeff, cross_axis_peak_delay, bivariate_orbit_radius_ratio, coherence_at_tpf, coherence_at_dominant_resonant, cross_spectral_centroid, multi_axis_energy_asymmetry, d1_energy, d2_energy, d3_energy, d4_energy, a4_energy, wavelet_energy_entropy, d1_wavelet_kurtosis, d3_wavelet_std, d1_relative_energy, d3_d4_subband_energy_ratio, permutation_entropy, higuchi_fractal_dimension, katz_fractal_dimension, phase_space_ellipsicity, phase_space_area, ar_coeff_1, ar_coeff_2, ar_coeff_3, ar_residual_variance, autocorr_first_zero_lag, harmonic_peak_ratio, dominant_peak_tpf_ratio, transimpedance, acceleration_jerk_rms"
2,Random Forest,Set B (Fold Top 20),20,0.8,0.6666666666666666,1.0,0.8571428571428571,0.9814814814814815,0.9751543209876543,"spectral_entropy, impulse_factor, d2_energy, ar_coeff_3, margin_factor, crest_factor, shape_factor, skewness, d3_d4_subband_energy_ratio, ar_coeff_2, cross_axis_peak_delay, ar_coeff_1, cross_correlation_coeff, bivariate_orbit_radius_ratio, autocorr_first_zero_lag, phase_space_ellipsicity, kurtosis_1st_derivative, cross_spectral_centroid, kurtosis, spectral_flatness"
2,Random Forest,Set C (Fold Pruned 12),12,0.875,0.7777777777777778,1.0,0.9047619047619048,0.9166666666666666,0.9444444444444444,"spectral_entropy, d2_energy, ar_coeff_3, d3_d4_subband_energy_ratio, cross_axis_peak_delay, ar_coeff_1, cross_correlation_coeff, bivariate_orbit_radius_ratio, autocorr_first_zero_lag, phase_space_ellipsicity, kurtosis_1st_derivative, cross_spectral_centroid"
2,Random Forest,Set D (Fold Top 6),6,0.8,0.6666666666666666,1.0,0.8571428571428571,0.9537037037037036,0.9518899310565977,"spectral_entropy, impulse_factor, d2_energy, ar_coeff_3, margin_factor, crest_factor"
2,XGBoost,Set A (All 48),48,0.8,0.6666666666666666,1.0,0.8571428571428571,0.9166666666666666,0.906334714668048,"kurtosis, skewness, crest_factor, margin_factor, shape_factor, impulse_factor, zero_crossing_rate, kurtosis_1st_derivative, skewness_1st_derivative, off_harmonic_energy_ratio, spectral_centroid, spectral_entropy, spectral_flatness, spectral_rolloff_85, spectral_spread, spectral_skewness, spectral_kurtosis, cross_correlation_coeff, cross_axis_peak_delay, bivariate_orbit_radius_ratio, coherence_at_tpf, coherence_at_dominant_resonant, cross_spectral_centroid, multi_axis_energy_asymmetry, d1_energy, d2_energy, d3_energy, d4_energy, a4_energy, wavelet_energy_entropy, d1_wavelet_kurtosis, d3_wavelet_std, d1_relative_energy, d3_d4_subband_energy_ratio, permutation_entropy, higuchi_fractal_dimension, katz_fractal_dimension, phase_space_ellipsicity, phase_space_area, ar_coeff_1, ar_coeff_2, ar_coeff_3, ar_residual_variance, autocorr_first_zero_lag, harmonic_peak_ratio, dominant_peak_tpf_ratio, transimpedance, acceleration_jerk_rms"
2,XGBoost,Set B (Fold Top 20),20,0.8,0.6666666666666666,1.0,0.8571428571428571,0.9074074074074074,0.8994323577656911,"spectral_entropy, impulse_factor, d2_energy, ar_coeff_3, margin_factor, crest_factor, shape_factor, skewness, d3_d4_subband_energy_ratio, ar_coeff_2, cross_axis_peak_delay, ar_coeff_1, cross_correlation_coeff, bivariate_orbit_radius_ratio, autocorr_first_zero_lag, phase_space_ellipsicity, kurtosis_1st_derivative, cross_spectral_centroid, kurtosis, spectral_flatness"
2,XGBoost,Set C (Fold Pruned 12),12,0.8,0.6666666666666666,1.0,0.8571428571428571,0.888888888888889,0.8961670274170274,"spectral_entropy, d2_energy, ar_coeff_3, d3_d4_subband_energy_ratio, cross_axis_peak_delay, ar_coeff_1, cross_correlation_coeff, bivariate_orbit_radius_ratio, autocorr_first_zero_lag, phase_space_ellipsicity, kurtosis_1st_derivative, cross_spectral_centroid"
2,XGBoost,Set D (Fold Top 6),6,0.8,0.6666666666666666,1.0,0.8571428571428571,0.9027777777777777,0.8951113701113701,"spectral_entropy, impulse_factor, d2_energy, ar_coeff_3, margin_factor, crest_factor"
2,LightGBM,Set A (All 48),48,0.8,0.6666666666666666,1.0,0.8571428571428571,0.9814814814814815,0.9787878787878788,"kurtosis, skewness, crest_factor, margin_factor, shape_factor, impulse_factor, zero_crossing_rate, kurtosis_1st_derivative, skewness_1st_derivative, off_harmonic_energy_ratio, spectral_centroid, spectral_entropy, spectral_flatness, spectral_rolloff_85, spectral_spread, spectral_skewness, spectral_kurtosis, cross_correlation_coeff, cross_axis_peak_delay, bivariate_orbit_radius_ratio, coherence_at_tpf, coherence_at_dominant_resonant, cross_spectral_centroid, multi_axis_energy_asymmetry, d1_energy, d2_energy, d3_energy, d4_energy, a4_energy, wavelet_energy_entropy, d1_wavelet_kurtosis, d3_wavelet_std, d1_relative_energy, d3_d4_subband_energy_ratio, permutation_entropy, higuchi_fractal_dimension, katz_fractal_dimension, phase_space_ellipsicity, phase_space_area, ar_coeff_1, ar_coeff_2, ar_coeff_3, ar_residual_variance, autocorr_first_zero_lag, harmonic_peak_ratio, dominant_peak_tpf_ratio, transimpedance, acceleration_jerk_rms"
2,LightGBM,Set B (Fold Top 20),20,0.8,0.6666666666666666,1.0,0.8571428571428571,0.9814814814814815,0.9787878787878789,"spectral_entropy, impulse_factor, d2_energy, ar_coeff_3, margin_factor, crest_factor, shape_factor, skewness, d3_d4_subband_energy_ratio, ar_coeff_2, cross_axis_peak_delay, ar_coeff_1, cross_correlation_coeff, bivariate_orbit_radius_ratio, autocorr_first_zero_lag, phase_space_ellipsicity, kurtosis_1st_derivative, cross_spectral_centroid, kurtosis, spectral_flatness"
2,LightGBM,Set C (Fold Pruned 12),12,0.8,0.6666666666666666,1.0,0.8571428571428571,0.9537037037037037,0.9512701804368471,"spectral_entropy, d2_energy, ar_coeff_3, d3_d4_subband_energy_ratio, cross_axis_peak_delay, ar_coeff_1, cross_correlation_coeff, bivariate_orbit_radius_ratio, autocorr_first_zero_lag, phase_space_ellipsicity, kurtosis_1st_derivative, cross_spectral_centroid"
2,LightGBM,Set D (Fold Top 6),6,0.8,0.6666666666666666,1.0,0.8571428571428571,0.962962962962963,0.9507896424563091,"spectral_entropy, impulse_factor, d2_energy, ar_coeff_3, margin_factor, crest_factor"
3,Logistic Regression,Set A (All 48),48,1.0,1.0,1.0,1.0,1.0,1.0,"kurtosis, skewness, crest_factor, margin_factor, shape_factor, impulse_factor, zero_crossing_rate, kurtosis_1st_derivative, skewness_1st_derivative, off_harmonic_energy_ratio, spectral_centroid, spectral_entropy, spectral_flatness, spectral_rolloff_85, spectral_spread, spectral_skewness, spectral_kurtosis, cross_correlation_coeff, cross_axis_peak_delay, bivariate_orbit_radius_ratio, coherence_at_tpf, coherence_at_dominant_resonant, cross_spectral_centroid, multi_axis_energy_asymmetry, d1_energy, d2_energy, d3_energy, d4_energy, a4_energy, wavelet_energy_entropy, d1_wavelet_kurtosis, d3_wavelet_std, d1_relative_energy, d3_d4_subband_energy_ratio, permutation_entropy, higuchi_fractal_dimension, katz_fractal_dimension, phase_space_ellipsicity, phase_space_area, ar_coeff_1, ar_coeff_2, ar_coeff_3, ar_residual_variance, autocorr_first_zero_lag, harmonic_peak_ratio, dominant_peak_tpf_ratio, transimpedance, acceleration_jerk_rms"
3,Logistic Regression,Set B (Fold Top 20),20,1.0,1.0,1.0,1.0,1.0,1.0,"ar_coeff_2, impulse_factor, spectral_entropy, d2_energy, skewness_1st_derivative, ar_coeff_3, kurtosis_1st_derivative, d3_d4_subband_energy_ratio, ar_coeff_1, cross_spectral_centroid, d3_energy, coherence_at_dominant_resonant, skewness, cross_axis_peak_delay, a4_energy, wavelet_energy_entropy, d1_relative_energy, multi_axis_energy_asymmetry, coherence_at_tpf, crest_factor"
3,Logistic Regression,Set C (Fold Pruned 12),12,1.0,1.0,1.0,1.0,1.0,1.0,"ar_coeff_2, impulse_factor, d2_energy, skewness_1st_derivative, kurtosis_1st_derivative, d3_d4_subband_energy_ratio, cross_spectral_centroid, coherence_at_dominant_resonant, cross_axis_peak_delay, a4_energy, d1_relative_energy, multi_axis_energy_asymmetry"
3,Logistic Regression,Set D (Fold Top 6),6,1.0,1.0,1.0,1.0,1.0,1.0,"ar_coeff_2, impulse_factor, spectral_entropy, d2_energy, skewness_1st_derivative, ar_coeff_3"
3,Random Forest,Set A (All 48),48,1.0,1.0,1.0,1.0,1.0,1.0,"kurtosis, skewness, crest_factor, margin_factor, shape_factor, impulse_factor, zero_crossing_rate, kurtosis_1st_derivative, skewness_1st_derivative, off_harmonic_energy_ratio, spectral_centroid, spectral_entropy, spectral_flatness, spectral_rolloff_85, spectral_spread, spectral_skewness, spectral_kurtosis, cross_correlation_coeff, cross_axis_peak_delay, bivariate_orbit_radius_ratio, coherence_at_tpf, coherence_at_dominant_resonant, cross_spectral_centroid, multi_axis_energy_asymmetry, d1_energy, d2_energy, d3_energy, d4_energy, a4_energy, wavelet_energy_entropy, d1_wavelet_kurtosis, d3_wavelet_std, d1_relative_energy, d3_d4_subband_energy_ratio, permutation_entropy, higuchi_fractal_dimension, katz_fractal_dimension, phase_space_ellipsicity, phase_space_area, ar_coeff_1, ar_coeff_2, ar_coeff_3, ar_residual_variance, autocorr_first_zero_lag, harmonic_peak_ratio, dominant_peak_tpf_ratio, transimpedance, acceleration_jerk_rms"
3,Random Forest,Set B (Fold Top 20),20,1.0,1.0,1.0,1.0,1.0,1.0,"ar_coeff_2, impulse_factor, spectral_entropy, d2_energy, skewness_1st_derivative, ar_coeff_3, kurtosis_1st_derivative, d3_d4_subband_energy_ratio, ar_coeff_1, cross_spectral_centroid, d3_energy, coherence_at_dominant_resonant, skewness, cross_axis_peak_delay, a4_energy, wavelet_energy_entropy, d1_relative_energy, multi_axis_energy_asymmetry, coherence_at_tpf, crest_factor"
3,Random Forest,Set C (Fold Pruned 12),12,1.0,1.0,1.0,1.0,1.0,1.0,"ar_coeff_2, impulse_factor, d2_energy, skewness_1st_derivative, kurtosis_1st_derivative, d3_d4_subband_energy_ratio, cross_spectral_centroid, coherence_at_dominant_resonant, cross_axis_peak_delay, a4_energy, d1_relative_energy, multi_axis_energy_asymmetry"
3,Random Forest,Set D (Fold Top 6),6,1.0,1.0,1.0,1.0,1.0,1.0,"ar_coeff_2, impulse_factor, spectral_entropy, d2_energy, skewness_1st_derivative, ar_coeff_3"
3,XGBoost,Set A (All 48),48,1.0,1.0,1.0,1.0,1.0,1.0,"kurtosis, skewness, crest_factor, margin_factor, shape_factor, impulse_factor, zero_crossing_rate, kurtosis_1st_derivative, skewness_1st_derivative, off_harmonic_energy_ratio, spectral_centroid, spectral_entropy, spectral_flatness, spectral_rolloff_85, spectral_spread, spectral_skewness, spectral_kurtosis, cross_correlation_coeff, cross_axis_peak_delay, bivariate_orbit_radius_ratio, coherence_at_tpf, coherence_at_dominant_resonant, cross_spectral_centroid, multi_axis_energy_asymmetry, d1_energy, d2_energy, d3_energy, d4_energy, a4_energy, wavelet_energy_entropy, d1_wavelet_kurtosis, d3_wavelet_std, d1_relative_energy, d3_d4_subband_energy_ratio, permutation_entropy, higuchi_fractal_dimension, katz_fractal_dimension, phase_space_ellipsicity, phase_space_area, ar_coeff_1, ar_coeff_2, ar_coeff_3, ar_residual_variance, autocorr_first_zero_lag, harmonic_peak_ratio, dominant_peak_tpf_ratio, transimpedance, acceleration_jerk_rms"
3,XGBoost,Set B (Fold Top 20),20,1.0,1.0,1.0,1.0,1.0,1.0,"ar_coeff_2, impulse_factor, spectral_entropy, d2_energy, skewness_1st_derivative, ar_coeff_3, kurtosis_1st_derivative, d3_d4_subband_energy_ratio, ar_coeff_1, cross_spectral_centroid, d3_energy, coherence_at_dominant_resonant, skewness, cross_axis_peak_delay, a4_energy, wavelet_energy_entropy, d1_relative_energy, multi_axis_energy_asymmetry, coherence_at_tpf, crest_factor"
3,XGBoost,Set C (Fold Pruned 12),12,1.0,1.0,1.0,1.0,1.0,1.0,"ar_coeff_2, impulse_factor, d2_energy, skewness_1st_derivative, kurtosis_1st_derivative, d3_d4_subband_energy_ratio, cross_spectral_centroid, coherence_at_dominant_resonant, cross_axis_peak_delay, a4_energy, d1_relative_energy, multi_axis_energy_asymmetry"
3,XGBoost,Set D (Fold Top 6),6,1.0,1.0,1.0,1.0,1.0,1.0,"ar_coeff_2, impulse_factor, spectral_entropy, d2_energy, skewness_1st_derivative, ar_coeff_3"
3,LightGBM,Set A (All 48),48,1.0,1.0,1.0,1.0,1.0,1.0,"kurtosis, skewness, crest_factor, margin_factor, shape_factor, impulse_factor, zero_crossing_rate, kurtosis_1st_derivative, skewness_1st_derivative, off_harmonic_energy_ratio, spectral_centroid, spectral_entropy, spectral_flatness, spectral_rolloff_85, spectral_spread, spectral_skewness, spectral_kurtosis, cross_correlation_coeff, cross_axis_peak_delay, bivariate_orbit_radius_ratio, coherence_at_tpf, coherence_at_dominant_resonant, cross_spectral_centroid, multi_axis_energy_asymmetry, d1_energy, d2_energy, d3_energy, d4_energy, a4_energy, wavelet_energy_entropy, d1_wavelet_kurtosis, d3_wavelet_std, d1_relative_energy, d3_d4_subband_energy_ratio, permutation_entropy, higuchi_fractal_dimension, katz_fractal_dimension, phase_space_ellipsicity, phase_space_area, ar_coeff_1, ar_coeff_2, ar_coeff_3, ar_residual_variance, autocorr_first_zero_lag, harmonic_peak_ratio, dominant_peak_tpf_ratio, transimpedance, acceleration_jerk_rms"
3,LightGBM,Set B (Fold Top 20),20,1.0,1.0,1.0,1.0,1.0,1.0,"ar_coeff_2, impulse_factor, spectral_entropy, d2_energy, skewness_1st_derivative, ar_coeff_3, kurtosis_1st_derivative, d3_d4_subband_energy_ratio, ar_coeff_1, cross_spectral_centroid, d3_energy, coherence_at_dominant_resonant, skewness, cross_axis_peak_delay, a4_energy, wavelet_energy_entropy, d1_relative_energy, multi_axis_energy_asymmetry, coherence_at_tpf, crest_factor"
3,LightGBM,Set C (Fold Pruned 12),12,1.0,1.0,1.0,1.0,1.0,1.0,"ar_coeff_2, impulse_factor, d2_energy, skewness_1st_derivative, kurtosis_1st_derivative, d3_d4_subband_energy_ratio, cross_spectral_centroid, coherence_at_dominant_resonant, cross_axis_peak_delay, a4_energy, d1_relative_energy, multi_axis_energy_asymmetry"
3,LightGBM,Set D (Fold Top 6),6,1.0,1.0,1.0,1.0,1.0,1.0,"ar_coeff_2, impulse_factor, spectral_entropy, d2_energy, skewness_1st_derivative, ar_coeff_3"
4,Logistic Regression,Set A (All 48),48,0.9333333333333333,0.875,1.0,0.95,1.0,1.0,"kurtosis, skewness, crest_factor, margin_factor, shape_factor, impulse_factor, zero_crossing_rate, kurtosis_1st_derivative, skewness_1st_derivative, off_harmonic_energy_ratio, spectral_centroid, spectral_entropy, spectral_flatness, spectral_rolloff_85, spectral_spread, spectral_skewness, spectral_kurtosis, cross_correlation_coeff, cross_axis_peak_delay, bivariate_orbit_radius_ratio, coherence_at_tpf, coherence_at_dominant_resonant, cross_spectral_centroid, multi_axis_energy_asymmetry, d1_energy, d2_energy, d3_energy, d4_energy, a4_energy, wavelet_energy_entropy, d1_wavelet_kurtosis, d3_wavelet_std, d1_relative_energy, d3_d4_subband_energy_ratio, permutation_entropy, higuchi_fractal_dimension, katz_fractal_dimension, phase_space_ellipsicity, phase_space_area, ar_coeff_1, ar_coeff_2, ar_coeff_3, ar_residual_variance, autocorr_first_zero_lag, harmonic_peak_ratio, dominant_peak_tpf_ratio, transimpedance, acceleration_jerk_rms"
4,Logistic Regression,Set B (Fold Top 20),20,0.9333333333333333,0.875,1.0,0.95,1.0,1.0,"ar_coeff_2, spectral_entropy, impulse_factor, multi_axis_energy_asymmetry, d2_energy, cross_correlation_coeff, kurtosis_1st_derivative, ar_coeff_1, skewness_1st_derivative, d1_relative_energy, phase_space_ellipsicity, coherence_at_dominant_resonant, skewness, kurtosis, ar_coeff_3, d3_energy, crest_factor, d3_d4_subband_energy_ratio, bivariate_orbit_radius_ratio, cross_axis_peak_delay"
4,Logistic Regression,Set C (Fold Pruned 12),12,0.9333333333333333,0.875,1.0,0.95,0.9791666666666667,0.9736111111111111,"ar_coeff_2, spectral_entropy, multi_axis_energy_asymmetry, d2_energy, cross_correlation_coeff, kurtosis_1st_derivative, skewness_1st_derivative, d1_relative_energy, phase_space_ellipsicity, coherence_at_dominant_resonant, d3_d4_subband_energy_ratio, bivariate_orbit_radius_ratio"
4,Logistic Regression,Set D (Fold Top 6),6,0.9333333333333333,0.875,1.0,0.95,0.9583333333333334,0.9564393939393939,"ar_coeff_2, spectral_entropy, impulse_factor, multi_axis_energy_asymmetry, d2_energy, cross_correlation_coeff"
4,Random Forest,Set A (All 48),48,0.9333333333333333,0.875,1.0,0.95,0.9791666666666666,0.9736111111111111,"kurtosis, skewness, crest_factor, margin_factor, shape_factor, impulse_factor, zero_crossing_rate, kurtosis_1st_derivative, skewness_1st_derivative, off_harmonic_energy_ratio, spectral_centroid, spectral_entropy, spectral_flatness, spectral_rolloff_85, spectral_spread, spectral_skewness, spectral_kurtosis, cross_correlation_coeff, cross_axis_peak_delay, bivariate_orbit_radius_ratio, coherence_at_tpf, coherence_at_dominant_resonant, cross_spectral_centroid, multi_axis_energy_asymmetry, d1_energy, d2_energy, d3_energy, d4_energy, a4_energy, wavelet_energy_entropy, d1_wavelet_kurtosis, d3_wavelet_std, d1_relative_energy, d3_d4_subband_energy_ratio, permutation_entropy, higuchi_fractal_dimension, katz_fractal_dimension, phase_space_ellipsicity, phase_space_area, ar_coeff_1, ar_coeff_2, ar_coeff_3, ar_residual_variance, autocorr_first_zero_lag, harmonic_peak_ratio, dominant_peak_tpf_ratio, transimpedance, acceleration_jerk_rms"
4,Random Forest,Set B (Fold Top 20),20,0.9333333333333333,0.875,1.0,0.95,1.0,1.0,"ar_coeff_2, spectral_entropy, impulse_factor, multi_axis_energy_asymmetry, d2_energy, cross_correlation_coeff, kurtosis_1st_derivative, ar_coeff_1, skewness_1st_derivative, d1_relative_energy, phase_space_ellipsicity, coherence_at_dominant_resonant, skewness, kurtosis, ar_coeff_3, d3_energy, crest_factor, d3_d4_subband_energy_ratio, bivariate_orbit_radius_ratio, cross_axis_peak_delay"
4,Random Forest,Set C (Fold Pruned 12),12,0.9333333333333333,0.875,1.0,0.95,0.9791666666666666,0.9736111111111111,"ar_coeff_2, spectral_entropy, multi_axis_energy_asymmetry, d2_energy, cross_correlation_coeff, kurtosis_1st_derivative, skewness_1st_derivative, d1_relative_energy, phase_space_ellipsicity, coherence_at_dominant_resonant, d3_d4_subband_energy_ratio, bivariate_orbit_radius_ratio"
4,Random Forest,Set D (Fold Top 6),6,0.9333333333333333,0.875,1.0,0.95,1.0,1.0,"ar_coeff_2, spectral_entropy, impulse_factor, multi_axis_energy_asymmetry, d2_energy, cross_correlation_coeff"
4,XGBoost,Set A (All 48),48,0.9333333333333333,0.875,1.0,0.95,1.0,1.0,"kurtosis, skewness, crest_factor, margin_factor, shape_factor, impulse_factor, zero_crossing_rate, kurtosis_1st_derivative, skewness_1st_derivative, off_harmonic_energy_ratio, spectral_centroid, spectral_entropy, spectral_flatness, spectral_rolloff_85, spectral_spread, spectral_skewness, spectral_kurtosis, cross_correlation_coeff, cross_axis_peak_delay, bivariate_orbit_radius_ratio, coherence_at_tpf, coherence_at_dominant_resonant, cross_spectral_centroid, multi_axis_energy_asymmetry, d1_energy, d2_energy, d3_energy, d4_energy, a4_energy, wavelet_energy_entropy, d1_wavelet_kurtosis, d3_wavelet_std, d1_relative_energy, d3_d4_subband_energy_ratio, permutation_entropy, higuchi_fractal_dimension, katz_fractal_dimension, phase_space_ellipsicity, phase_space_area, ar_coeff_1, ar_coeff_2, ar_coeff_3, ar_residual_variance, autocorr_first_zero_lag, harmonic_peak_ratio, dominant_peak_tpf_ratio, transimpedance, acceleration_jerk_rms"
4,XGBoost,Set B (Fold Top 20),20,0.9333333333333333,0.875,1.0,0.95,0.9999999999999999,1.0,"ar_coeff_2, spectral_entropy, impulse_factor, multi_axis_energy_asymmetry, d2_energy, cross_correlation_coeff, kurtosis_1st_derivative, ar_coeff_1, skewness_1st_derivative, d1_relative_energy, phase_space_ellipsicity, coherence_at_dominant_resonant, skewness, kurtosis, ar_coeff_3, d3_energy, crest_factor, d3_d4_subband_energy_ratio, bivariate_orbit_radius_ratio, cross_axis_peak_delay"
4,XGBoost,Set C (Fold Pruned 12),12,0.9333333333333333,0.875,1.0,0.95,0.9999999999999999,1.0,"ar_coeff_2, spectral_entropy, multi_axis_energy_asymmetry, d2_energy, cross_correlation_coeff, kurtosis_1st_derivative, skewness_1st_derivative, d1_relative_energy, phase_space_ellipsicity, coherence_at_dominant_resonant, d3_d4_subband_energy_ratio, bivariate_orbit_radius_ratio"
4,XGBoost,Set D (Fold Top 6),6,0.9333333333333333,0.875,1.0,0.95,1.0,1.0,"ar_coeff_2, spectral_entropy, impulse_factor, multi_axis_energy_asymmetry, d2_energy, cross_correlation_coeff"
4,LightGBM,Set A (All 48),48,0.9333333333333333,0.875,1.0,0.95,1.0,1.0,"kurtosis, skewness, crest_factor, margin_factor, shape_factor, impulse_factor, zero_crossing_rate, kurtosis_1st_derivative, skewness_1st_derivative, off_harmonic_energy_ratio, spectral_centroid, spectral_entropy, spectral_flatness, spectral_rolloff_85, spectral_spread, spectral_skewness, spectral_kurtosis, cross_correlation_coeff, cross_axis_peak_delay, bivariate_orbit_radius_ratio, coherence_at_tpf, coherence_at_dominant_resonant, cross_spectral_centroid, multi_axis_energy_asymmetry, d1_energy, d2_energy, d3_energy, d4_energy, a4_energy, wavelet_energy_entropy, d1_wavelet_kurtosis, d3_wavelet_std, d1_relative_energy, d3_d4_subband_energy_ratio, permutation_entropy, higuchi_fractal_dimension, katz_fractal_dimension, phase_space_ellipsicity, phase_space_area, ar_coeff_1, ar_coeff_2, ar_coeff_3, ar_residual_variance, autocorr_first_zero_lag, harmonic_peak_ratio, dominant_peak_tpf_ratio, transimpedance, acceleration_jerk_rms"
4,LightGBM,Set B (Fold Top 20),20,0.9333333333333333,0.875,1.0,0.95,1.0,1.0,"ar_coeff_2, spectral_entropy, impulse_factor, multi_axis_energy_asymmetry, d2_energy, cross_correlation_coeff, kurtosis_1st_derivative, ar_coeff_1, skewness_1st_derivative, d1_relative_energy, phase_space_ellipsicity, coherence_at_dominant_resonant, skewness, kurtosis, ar_coeff_3, d3_energy, crest_factor, d3_d4_subband_energy_ratio, bivariate_orbit_radius_ratio, cross_axis_peak_delay"
4,LightGBM,Set C (Fold Pruned 12),12,0.9333333333333333,0.875,1.0,0.95,0.9999999999999999,1.0,"ar_coeff_2, spectral_entropy, multi_axis_energy_asymmetry, d2_energy, cross_correlation_coeff, kurtosis_1st_derivative, skewness_1st_derivative, d1_relative_energy, phase_space_ellipsicity, coherence_at_dominant_resonant, d3_d4_subband_energy_ratio, bivariate_orbit_radius_ratio"
4,LightGBM,Set D (Fold Top 6),6,0.9333333333333333,0.875,1.0,0.95,0.9895833333333333,0.9852430555555556,"ar_coeff_2, spectral_entropy, impulse_factor, multi_axis_energy_asymmetry, d2_energy, cross_correlation_coeff"
5,Logistic Regression,Set A (All 48),48,0.9333333333333333,0.875,1.0,0.95,0.9895833333333333,0.9852430555555556,"kurtosis, skewness, crest_factor, margin_factor, shape_factor, impulse_factor, zero_crossing_rate, kurtosis_1st_derivative, skewness_1st_derivative, off_harmonic_energy_ratio, spectral_centroid, spectral_entropy, spectral_flatness, spectral_rolloff_85, spectral_spread, spectral_skewness, spectral_kurtosis, cross_correlation_coeff, cross_axis_peak_delay, bivariate_orbit_radius_ratio, coherence_at_tpf, coherence_at_dominant_resonant, cross_spectral_centroid, multi_axis_energy_asymmetry, d1_energy, d2_energy, d3_energy, d4_energy, a4_energy, wavelet_energy_entropy, d1_wavelet_kurtosis, d3_wavelet_std, d1_relative_energy, d3_d4_subband_energy_ratio, permutation_entropy, higuchi_fractal_dimension, katz_fractal_dimension, phase_space_ellipsicity, phase_space_area, ar_coeff_1, ar_coeff_2, ar_coeff_3, ar_residual_variance, autocorr_first_zero_lag, harmonic_peak_ratio, dominant_peak_tpf_ratio, transimpedance, acceleration_jerk_rms"
5,Logistic Regression,Set B (Fold Top 20),20,1.0,1.0,1.0,1.0,1.0,1.0,"impulse_factor, ar_coeff_2, d2_energy, cross_spectral_centroid, ar_coeff_3, spectral_entropy, multi_axis_energy_asymmetry, coherence_at_dominant_resonant, kurtosis_1st_derivative, phase_space_ellipsicity, d3_d4_subband_energy_ratio, skewness_1st_derivative, skewness, crest_factor, zero_crossing_rate, margin_factor, bivariate_orbit_radius_ratio, wavelet_energy_entropy, d1_relative_energy, kurtosis"
5,Logistic Regression,Set C (Fold Pruned 12),12,1.0,1.0,1.0,1.0,1.0,1.0,"impulse_factor, ar_coeff_2, cross_spectral_centroid, multi_axis_energy_asymmetry, coherence_at_dominant_resonant, kurtosis_1st_derivative, phase_space_ellipsicity, d3_d4_subband_energy_ratio, skewness_1st_derivative, zero_crossing_rate, bivariate_orbit_radius_ratio, wavelet_energy_entropy"
5,Logistic Regression,Set D (Fold Top 6),6,0.9333333333333333,0.875,1.0,0.95,1.0,1.0,"impulse_factor, ar_coeff_2, d2_energy, cross_spectral_centroid, ar_coeff_3, spectral_entropy"
5,Random Forest,Set A (All 48),48,1.0,1.0,1.0,1.0,1.0,1.0,"kurtosis, skewness, crest_factor, margin_factor, shape_factor, impulse_factor, zero_crossing_rate, kurtosis_1st_derivative, skewness_1st_derivative, off_harmonic_energy_ratio, spectral_centroid, spectral_entropy, spectral_flatness, spectral_rolloff_85, spectral_spread, spectral_skewness, spectral_kurtosis, cross_correlation_coeff, cross_axis_peak_delay, bivariate_orbit_radius_ratio, coherence_at_tpf, coherence_at_dominant_resonant, cross_spectral_centroid, multi_axis_energy_asymmetry, d1_energy, d2_energy, d3_energy, d4_energy, a4_energy, wavelet_energy_entropy, d1_wavelet_kurtosis, d3_wavelet_std, d1_relative_energy, d3_d4_subband_energy_ratio, permutation_entropy, higuchi_fractal_dimension, katz_fractal_dimension, phase_space_ellipsicity, phase_space_area, ar_coeff_1, ar_coeff_2, ar_coeff_3, ar_residual_variance, autocorr_first_zero_lag, harmonic_peak_ratio, dominant_peak_tpf_ratio, transimpedance, acceleration_jerk_rms"
5,Random Forest,Set B (Fold Top 20),20,1.0,1.0,1.0,1.0,1.0,1.0,"impulse_factor, ar_coeff_2, d2_energy, cross_spectral_centroid, ar_coeff_3, spectral_entropy, multi_axis_energy_asymmetry, coherence_at_dominant_resonant, kurtosis_1st_derivative, phase_space_ellipsicity, d3_d4_subband_energy_ratio, skewness_1st_derivative, skewness, crest_factor, zero_crossing_rate, margin_factor, bivariate_orbit_radius_ratio, wavelet_energy_entropy, d1_relative_energy, kurtosis"
5,Random Forest,Set C (Fold Pruned 12),12,1.0,1.0,1.0,1.0,1.0,1.0,"impulse_factor, ar_coeff_2, cross_spectral_centroid, multi_axis_energy_asymmetry, coherence_at_dominant_resonant, kurtosis_1st_derivative, phase_space_ellipsicity, d3_d4_subband_energy_ratio, skewness_1st_derivative, zero_crossing_rate, bivariate_orbit_radius_ratio, wavelet_energy_entropy"
5,Random Forest,Set D (Fold Top 6),6,1.0,1.0,1.0,1.0,1.0,1.0,"impulse_factor, ar_coeff_2, d2_energy, cross_spectral_centroid, ar_coeff_3, spectral_entropy"
5,XGBoost,Set A (All 48),48,0.9411764705882353,1.0,0.8888888888888888,0.95,1.0,1.0,"kurtosis, skewness, crest_factor, margin_factor, shape_factor, impulse_factor, zero_crossing_rate, kurtosis_1st_derivative, skewness_1st_derivative, off_harmonic_energy_ratio, spectral_centroid, spectral_entropy, spectral_flatness, spectral_rolloff_85, spectral_spread, spectral_skewness, spectral_kurtosis, cross_correlation_coeff, cross_axis_peak_delay, bivariate_orbit_radius_ratio, coherence_at_tpf, coherence_at_dominant_resonant, cross_spectral_centroid, multi_axis_energy_asymmetry, d1_energy, d2_energy, d3_energy, d4_energy, a4_energy, wavelet_energy_entropy, d1_wavelet_kurtosis, d3_wavelet_std, d1_relative_energy, d3_d4_subband_energy_ratio, permutation_entropy, higuchi_fractal_dimension, katz_fractal_dimension, phase_space_ellipsicity, phase_space_area, ar_coeff_1, ar_coeff_2, ar_coeff_3, ar_residual_variance, autocorr_first_zero_lag, harmonic_peak_ratio, dominant_peak_tpf_ratio, transimpedance, acceleration_jerk_rms"
5,XGBoost,Set B (Fold Top 20),20,0.9411764705882353,1.0,0.8888888888888888,0.95,1.0,1.0,"impulse_factor, ar_coeff_2, d2_energy, cross_spectral_centroid, ar_coeff_3, spectral_entropy, multi_axis_energy_asymmetry, coherence_at_dominant_resonant, kurtosis_1st_derivative, phase_space_ellipsicity, d3_d4_subband_energy_ratio, skewness_1st_derivative, skewness, crest_factor, zero_crossing_rate, margin_factor, bivariate_orbit_radius_ratio, wavelet_energy_entropy, d1_relative_energy, kurtosis"
5,XGBoost,Set C (Fold Pruned 12),12,1.0,1.0,1.0,1.0,1.0,1.0,"impulse_factor, ar_coeff_2, cross_spectral_centroid, multi_axis_energy_asymmetry, coherence_at_dominant_resonant, kurtosis_1st_derivative, phase_space_ellipsicity, d3_d4_subband_energy_ratio, skewness_1st_derivative, zero_crossing_rate, bivariate_orbit_radius_ratio, wavelet_energy_entropy"
5,XGBoost,Set D (Fold Top 6),6,0.9411764705882353,1.0,0.8888888888888888,0.95,1.0,1.0,"impulse_factor, ar_coeff_2, d2_energy, cross_spectral_centroid, ar_coeff_3, spectral_entropy"
5,LightGBM,Set A (All 48),48,1.0,1.0,1.0,1.0,1.0,1.0,"kurtosis, skewness, crest_factor, margin_factor, shape_factor, impulse_factor, zero_crossing_rate, kurtosis_1st_derivative, skewness_1st_derivative, off_harmonic_energy_ratio, spectral_centroid, spectral_entropy, spectral_flatness, spectral_rolloff_85, spectral_spread, spectral_skewness, spectral_kurtosis, cross_correlation_coeff, cross_axis_peak_delay, bivariate_orbit_radius_ratio, coherence_at_tpf, coherence_at_dominant_resonant, cross_spectral_centroid, multi_axis_energy_asymmetry, d1_energy, d2_energy, d3_energy, d4_energy, a4_energy, wavelet_energy_entropy, d1_wavelet_kurtosis, d3_wavelet_std, d1_relative_energy, d3_d4_subband_energy_ratio, permutation_entropy, higuchi_fractal_dimension, katz_fractal_dimension, phase_space_ellipsicity, phase_space_area, ar_coeff_1, ar_coeff_2, ar_coeff_3, ar_residual_variance, autocorr_first_zero_lag, harmonic_peak_ratio, dominant_peak_tpf_ratio, transimpedance, acceleration_jerk_rms"
5,LightGBM,Set B (Fold Top 20),20,1.0,1.0,1.0,1.0,1.0,1.0,"impulse_factor, ar_coeff_2, d2_energy, cross_spectral_centroid, ar_coeff_3, spectral_entropy, multi_axis_energy_asymmetry, coherence_at_dominant_resonant, kurtosis_1st_derivative, phase_space_ellipsicity, d3_d4_subband_energy_ratio, skewness_1st_derivative, skewness, crest_factor, zero_crossing_rate, margin_factor, bivariate_orbit_radius_ratio, wavelet_energy_entropy, d1_relative_energy, kurtosis"
5,LightGBM,Set C (Fold Pruned 12),12,0.9411764705882353,1.0,0.8888888888888888,0.95,1.0,1.0,"impulse_factor, ar_coeff_2, cross_spectral_centroid, multi_axis_energy_asymmetry, coherence_at_dominant_resonant, kurtosis_1st_derivative, phase_space_ellipsicity, d3_d4_subband_energy_ratio, skewness_1st_derivative, zero_crossing_rate, bivariate_orbit_radius_ratio, wavelet_energy_entropy"
5,LightGBM,Set D (Fold Top 6),6,1.0,1.0,1.0,1.0,1.0,1.0,"impulse_factor, ar_coeff_2, d2_energy, cross_spectral_centroid, ar_coeff_3, spectral_entropy"
