fold,model,subset,n_features,X_train_shape,X_val_shape,predictions_identical_to_set_a,selected_columns
1,Logistic Regression,Set A (All 48),48,"(81, 48)","(21, 48)",True,"kurtosis, skewness, crest_factor, margin_factor, shape_factor, impulse_factor, zero_crossing_rate, kurtosis_1st_derivative, skewness_1st_derivative, off_harmonic_energy_ratio, spectral_centroid, spectral_entropy, spectral_flatness, spectral_rolloff_85, spectral_spread, spectral_skewness, spectral_kurtosis, cross_correlation_coeff, cross_axis_peak_delay, bivariate_orbit_radius_ratio, coherence_at_tpf, coherence_at_dominant_resonant, cross_spectral_centroid, multi_axis_energy_asymmetry, d1_energy, d2_energy, d3_energy, d4_energy, a4_energy, wavelet_energy_entropy, d1_wavelet_kurtosis, d3_wavelet_std, d1_relative_energy, d3_d4_subband_energy_ratio, permutation_entropy, higuchi_fractal_dimension, katz_fractal_dimension, phase_space_ellipsicity, phase_space_area, ar_coeff_1, ar_coeff_2, ar_coeff_3, ar_residual_variance, autocorr_first_zero_lag, harmonic_peak_ratio, dominant_peak_tpf_ratio, transimpedance, acceleration_jerk_rms"
1,Logistic Regression,Set B (Fold Top 20),20,"(81, 20)","(21, 20)",False,"ar_coeff_2, impulse_factor, d2_energy, crest_factor, ar_coeff_1, ar_coeff_3, multi_axis_energy_asymmetry, coherence_at_dominant_resonant, spectral_flatness, cross_axis_peak_delay, spectral_entropy, katz_fractal_dimension, skewness_1st_derivative, skewness, kurtosis, coherence_at_tpf, kurtosis_1st_derivative, d1_wavelet_kurtosis, higuchi_fractal_dimension, d3_energy"
1,Logistic Regression,Set C (Fold Pruned 12),12,"(81, 12)","(21, 12)",False,"ar_coeff_2, impulse_factor, d2_energy, multi_axis_energy_asymmetry, coherence_at_dominant_resonant, spectral_flatness, cross_axis_peak_delay, katz_fractal_dimension, skewness_1st_derivative, coherence_at_tpf, kurtosis_1st_derivative, d1_wavelet_kurtosis"
1,Logistic Regression,Set E_nested (Fold Top 7),7,"(81, 7)","(21, 7)",False,"ar_coeff_2, impulse_factor, d2_energy, crest_factor, ar_coeff_1, ar_coeff_3, multi_axis_energy_asymmetry"
1,Logistic Regression,Set E_fixed (7 Fixed High-Stab),7,"(81, 7)","(21, 7)",False,"kurtosis_1st_derivative, ar_coeff_2, d2_energy, skewness_1st_derivative, multi_axis_energy_asymmetry, d3_d4_subband_energy_ratio, coherence_at_dominant_resonant"
1,Logistic Regression,Set D (Fold Top 6),6,"(81, 6)","(21, 6)",False,"ar_coeff_2, impulse_factor, d2_energy, crest_factor, ar_coeff_1, ar_coeff_3"
1,Random Forest,Set A (All 48),48,"(81, 48)","(21, 48)",True,"kurtosis, skewness, crest_factor, margin_factor, shape_factor, impulse_factor, zero_crossing_rate, kurtosis_1st_derivative, skewness_1st_derivative, off_harmonic_energy_ratio, spectral_centroid, spectral_entropy, spectral_flatness, spectral_rolloff_85, spectral_spread, spectral_skewness, spectral_kurtosis, cross_correlation_coeff, cross_axis_peak_delay, bivariate_orbit_radius_ratio, coherence_at_tpf, coherence_at_dominant_resonant, cross_spectral_centroid, multi_axis_energy_asymmetry, d1_energy, d2_energy, d3_energy, d4_energy, a4_energy, wavelet_energy_entropy, d1_wavelet_kurtosis, d3_wavelet_std, d1_relative_energy, d3_d4_subband_energy_ratio, permutation_entropy, higuchi_fractal_dimension, katz_fractal_dimension, phase_space_ellipsicity, phase_space_area, ar_coeff_1, ar_coeff_2, ar_coeff_3, ar_residual_variance, autocorr_first_zero_lag, harmonic_peak_ratio, dominant_peak_tpf_ratio, transimpedance, acceleration_jerk_rms"
1,Random Forest,Set B (Fold Top 20),20,"(81, 20)","(21, 20)",True,"ar_coeff_2, impulse_factor, d2_energy, crest_factor, ar_coeff_1, ar_coeff_3, multi_axis_energy_asymmetry, coherence_at_dominant_resonant, spectral_flatness, cross_axis_peak_delay, spectral_entropy, katz_fractal_dimension, skewness_1st_derivative, skewness, kurtosis, coherence_at_tpf, kurtosis_1st_derivative, d1_wavelet_kurtosis, higuchi_fractal_dimension, d3_energy"
1,Random Forest,Set C (Fold Pruned 12),12,"(81, 12)","(21, 12)",True,"ar_coeff_2, impulse_factor, d2_energy, multi_axis_energy_asymmetry, coherence_at_dominant_resonant, spectral_flatness, cross_axis_peak_delay, katz_fractal_dimension, skewness_1st_derivative, coherence_at_tpf, kurtosis_1st_derivative, d1_wavelet_kurtosis"
1,Random Forest,Set E_nested (Fold Top 7),7,"(81, 7)","(21, 7)",True,"ar_coeff_2, impulse_factor, d2_energy, crest_factor, ar_coeff_1, ar_coeff_3, multi_axis_energy_asymmetry"
1,Random Forest,Set E_fixed (7 Fixed High-Stab),7,"(81, 7)","(21, 7)",True,"kurtosis_1st_derivative, ar_coeff_2, d2_energy, skewness_1st_derivative, multi_axis_energy_asymmetry, d3_d4_subband_energy_ratio, coherence_at_dominant_resonant"
1,Random Forest,Set D (Fold Top 6),6,"(81, 6)","(21, 6)",True,"ar_coeff_2, impulse_factor, d2_energy, crest_factor, ar_coeff_1, ar_coeff_3"
1,XGBoost,Set A (All 48),48,"(81, 48)","(21, 48)",True,"kurtosis, skewness, crest_factor, margin_factor, shape_factor, impulse_factor, zero_crossing_rate, kurtosis_1st_derivative, skewness_1st_derivative, off_harmonic_energy_ratio, spectral_centroid, spectral_entropy, spectral_flatness, spectral_rolloff_85, spectral_spread, spectral_skewness, spectral_kurtosis, cross_correlation_coeff, cross_axis_peak_delay, bivariate_orbit_radius_ratio, coherence_at_tpf, coherence_at_dominant_resonant, cross_spectral_centroid, multi_axis_energy_asymmetry, d1_energy, d2_energy, d3_energy, d4_energy, a4_energy, wavelet_energy_entropy, d1_wavelet_kurtosis, d3_wavelet_std, d1_relative_energy, d3_d4_subband_energy_ratio, permutation_entropy, higuchi_fractal_dimension, katz_fractal_dimension, phase_space_ellipsicity, phase_space_area, ar_coeff_1, ar_coeff_2, ar_coeff_3, ar_residual_variance, autocorr_first_zero_lag, harmonic_peak_ratio, dominant_peak_tpf_ratio, transimpedance, acceleration_jerk_rms"
1,XGBoost,Set B (Fold Top 20),20,"(81, 20)","(21, 20)",True,"ar_coeff_2, impulse_factor, d2_energy, crest_factor, ar_coeff_1, ar_coeff_3, multi_axis_energy_asymmetry, coherence_at_dominant_resonant, spectral_flatness, cross_axis_peak_delay, spectral_entropy, katz_fractal_dimension, skewness_1st_derivative, skewness, kurtosis, coherence_at_tpf, kurtosis_1st_derivative, d1_wavelet_kurtosis, higuchi_fractal_dimension, d3_energy"
1,XGBoost,Set C (Fold Pruned 12),12,"(81, 12)","(21, 12)",True,"ar_coeff_2, impulse_factor, d2_energy, multi_axis_energy_asymmetry, coherence_at_dominant_resonant, spectral_flatness, cross_axis_peak_delay, katz_fractal_dimension, skewness_1st_derivative, coherence_at_tpf, kurtosis_1st_derivative, d1_wavelet_kurtosis"
1,XGBoost,Set E_nested (Fold Top 7),7,"(81, 7)","(21, 7)",True,"ar_coeff_2, impulse_factor, d2_energy, crest_factor, ar_coeff_1, ar_coeff_3, multi_axis_energy_asymmetry"
1,XGBoost,Set E_fixed (7 Fixed High-Stab),7,"(81, 7)","(21, 7)",True,"kurtosis_1st_derivative, ar_coeff_2, d2_energy, skewness_1st_derivative, multi_axis_energy_asymmetry, d3_d4_subband_energy_ratio, coherence_at_dominant_resonant"
1,XGBoost,Set D (Fold Top 6),6,"(81, 6)","(21, 6)",True,"ar_coeff_2, impulse_factor, d2_energy, crest_factor, ar_coeff_1, ar_coeff_3"
1,LightGBM,Set A (All 48),48,"(81, 48)","(21, 48)",True,"kurtosis, skewness, crest_factor, margin_factor, shape_factor, impulse_factor, zero_crossing_rate, kurtosis_1st_derivative, skewness_1st_derivative, off_harmonic_energy_ratio, spectral_centroid, spectral_entropy, spectral_flatness, spectral_rolloff_85, spectral_spread, spectral_skewness, spectral_kurtosis, cross_correlation_coeff, cross_axis_peak_delay, bivariate_orbit_radius_ratio, coherence_at_tpf, coherence_at_dominant_resonant, cross_spectral_centroid, multi_axis_energy_asymmetry, d1_energy, d2_energy, d3_energy, d4_energy, a4_energy, wavelet_energy_entropy, d1_wavelet_kurtosis, d3_wavelet_std, d1_relative_energy, d3_d4_subband_energy_ratio, permutation_entropy, higuchi_fractal_dimension, katz_fractal_dimension, phase_space_ellipsicity, phase_space_area, ar_coeff_1, ar_coeff_2, ar_coeff_3, ar_residual_variance, autocorr_first_zero_lag, harmonic_peak_ratio, dominant_peak_tpf_ratio, transimpedance, acceleration_jerk_rms"
1,LightGBM,Set B (Fold Top 20),20,"(81, 20)","(21, 20)",True,"ar_coeff_2, impulse_factor, d2_energy, crest_factor, ar_coeff_1, ar_coeff_3, multi_axis_energy_asymmetry, coherence_at_dominant_resonant, spectral_flatness, cross_axis_peak_delay, spectral_entropy, katz_fractal_dimension, skewness_1st_derivative, skewness, kurtosis, coherence_at_tpf, kurtosis_1st_derivative, d1_wavelet_kurtosis, higuchi_fractal_dimension, d3_energy"
1,LightGBM,Set C (Fold Pruned 12),12,"(81, 12)","(21, 12)",False,"ar_coeff_2, impulse_factor, d2_energy, multi_axis_energy_asymmetry, coherence_at_dominant_resonant, spectral_flatness, cross_axis_peak_delay, katz_fractal_dimension, skewness_1st_derivative, coherence_at_tpf, kurtosis_1st_derivative, d1_wavelet_kurtosis"
1,LightGBM,Set E_nested (Fold Top 7),7,"(81, 7)","(21, 7)",True,"ar_coeff_2, impulse_factor, d2_energy, crest_factor, ar_coeff_1, ar_coeff_3, multi_axis_energy_asymmetry"
1,LightGBM,Set E_fixed (7 Fixed High-Stab),7,"(81, 7)","(21, 7)",False,"kurtosis_1st_derivative, ar_coeff_2, d2_energy, skewness_1st_derivative, multi_axis_energy_asymmetry, d3_d4_subband_energy_ratio, coherence_at_dominant_resonant"
1,LightGBM,Set D (Fold Top 6),6,"(81, 6)","(21, 6)",True,"ar_coeff_2, impulse_factor, d2_energy, crest_factor, ar_coeff_1, ar_coeff_3"
2,Logistic Regression,Set A (All 48),48,"(81, 48)","(21, 48)",True,"kurtosis, skewness, crest_factor, margin_factor, shape_factor, impulse_factor, zero_crossing_rate, kurtosis_1st_derivative, skewness_1st_derivative, off_harmonic_energy_ratio, spectral_centroid, spectral_entropy, spectral_flatness, spectral_rolloff_85, spectral_spread, spectral_skewness, spectral_kurtosis, cross_correlation_coeff, cross_axis_peak_delay, bivariate_orbit_radius_ratio, coherence_at_tpf, coherence_at_dominant_resonant, cross_spectral_centroid, multi_axis_energy_asymmetry, d1_energy, d2_energy, d3_energy, d4_energy, a4_energy, wavelet_energy_entropy, d1_wavelet_kurtosis, d3_wavelet_std, d1_relative_energy, d3_d4_subband_energy_ratio, permutation_entropy, higuchi_fractal_dimension, katz_fractal_dimension, phase_space_ellipsicity, phase_space_area, ar_coeff_1, ar_coeff_2, ar_coeff_3, ar_residual_variance, autocorr_first_zero_lag, harmonic_peak_ratio, dominant_peak_tpf_ratio, transimpedance, acceleration_jerk_rms"
2,Logistic Regression,Set B (Fold Top 20),20,"(81, 20)","(21, 20)",True,"spectral_entropy, impulse_factor, d2_energy, ar_coeff_3, margin_factor, crest_factor, shape_factor, skewness, d3_d4_subband_energy_ratio, ar_coeff_2, cross_axis_peak_delay, ar_coeff_1, cross_correlation_coeff, bivariate_orbit_radius_ratio, autocorr_first_zero_lag, phase_space_ellipsicity, kurtosis_1st_derivative, cross_spectral_centroid, kurtosis, spectral_flatness"
2,Logistic Regression,Set C (Fold Pruned 12),12,"(81, 12)","(21, 12)",True,"spectral_entropy, d2_energy, ar_coeff_3, d3_d4_subband_energy_ratio, cross_axis_peak_delay, ar_coeff_1, cross_correlation_coeff, bivariate_orbit_radius_ratio, autocorr_first_zero_lag, phase_space_ellipsicity, kurtosis_1st_derivative, cross_spectral_centroid"
2,Logistic Regression,Set E_nested (Fold Top 7),7,"(81, 7)","(21, 7)",True,"spectral_entropy, impulse_factor, d2_energy, ar_coeff_3, margin_factor, crest_factor, shape_factor"
2,Logistic Regression,Set E_fixed (7 Fixed High-Stab),7,"(81, 7)","(21, 7)",True,"kurtosis_1st_derivative, ar_coeff_2, d2_energy, skewness_1st_derivative, multi_axis_energy_asymmetry, d3_d4_subband_energy_ratio, coherence_at_dominant_resonant"
2,Logistic Regression,Set D (Fold Top 6),6,"(81, 6)","(21, 6)",True,"spectral_entropy, impulse_factor, d2_energy, ar_coeff_3, margin_factor, crest_factor"
2,Random Forest,Set A (All 48),48,"(81, 48)","(21, 48)",True,"kurtosis, skewness, crest_factor, margin_factor, shape_factor, impulse_factor, zero_crossing_rate, kurtosis_1st_derivative, skewness_1st_derivative, off_harmonic_energy_ratio, spectral_centroid, spectral_entropy, spectral_flatness, spectral_rolloff_85, spectral_spread, spectral_skewness, spectral_kurtosis, cross_correlation_coeff, cross_axis_peak_delay, bivariate_orbit_radius_ratio, coherence_at_tpf, coherence_at_dominant_resonant, cross_spectral_centroid, multi_axis_energy_asymmetry, d1_energy, d2_energy, d3_energy, d4_energy, a4_energy, wavelet_energy_entropy, d1_wavelet_kurtosis, d3_wavelet_std, d1_relative_energy, d3_d4_subband_energy_ratio, permutation_entropy, higuchi_fractal_dimension, katz_fractal_dimension, phase_space_ellipsicity, phase_space_area, ar_coeff_1, ar_coeff_2, ar_coeff_3, ar_residual_variance, autocorr_first_zero_lag, harmonic_peak_ratio, dominant_peak_tpf_ratio, transimpedance, acceleration_jerk_rms"
2,Random Forest,Set B (Fold Top 20),20,"(81, 20)","(21, 20)",True,"spectral_entropy, impulse_factor, d2_energy, ar_coeff_3, margin_factor, crest_factor, shape_factor, skewness, d3_d4_subband_energy_ratio, ar_coeff_2, cross_axis_peak_delay, ar_coeff_1, cross_correlation_coeff, bivariate_orbit_radius_ratio, autocorr_first_zero_lag, phase_space_ellipsicity, kurtosis_1st_derivative, cross_spectral_centroid, kurtosis, spectral_flatness"
2,Random Forest,Set C (Fold Pruned 12),12,"(81, 12)","(21, 12)",False,"spectral_entropy, d2_energy, ar_coeff_3, d3_d4_subband_energy_ratio, cross_axis_peak_delay, ar_coeff_1, cross_correlation_coeff, bivariate_orbit_radius_ratio, autocorr_first_zero_lag, phase_space_ellipsicity, kurtosis_1st_derivative, cross_spectral_centroid"
2,Random Forest,Set E_nested (Fold Top 7),7,"(81, 7)","(21, 7)",True,"spectral_entropy, impulse_factor, d2_energy, ar_coeff_3, margin_factor, crest_factor, shape_factor"
2,Random Forest,Set E_fixed (7 Fixed High-Stab),7,"(81, 7)","(21, 7)",False,"kurtosis_1st_derivative, ar_coeff_2, d2_energy, skewness_1st_derivative, multi_axis_energy_asymmetry, d3_d4_subband_energy_ratio, coherence_at_dominant_resonant"
2,Random Forest,Set D (Fold Top 6),6,"(81, 6)","(21, 6)",True,"spectral_entropy, impulse_factor, d2_energy, ar_coeff_3, margin_factor, crest_factor"
2,XGBoost,Set A (All 48),48,"(81, 48)","(21, 48)",True,"kurtosis, skewness, crest_factor, margin_factor, shape_factor, impulse_factor, zero_crossing_rate, kurtosis_1st_derivative, skewness_1st_derivative, off_harmonic_energy_ratio, spectral_centroid, spectral_entropy, spectral_flatness, spectral_rolloff_85, spectral_spread, spectral_skewness, spectral_kurtosis, cross_correlation_coeff, cross_axis_peak_delay, bivariate_orbit_radius_ratio, coherence_at_tpf, coherence_at_dominant_resonant, cross_spectral_centroid, multi_axis_energy_asymmetry, d1_energy, d2_energy, d3_energy, d4_energy, a4_energy, wavelet_energy_entropy, d1_wavelet_kurtosis, d3_wavelet_std, d1_relative_energy, d3_d4_subband_energy_ratio, permutation_entropy, higuchi_fractal_dimension, katz_fractal_dimension, phase_space_ellipsicity, phase_space_area, ar_coeff_1, ar_coeff_2, ar_coeff_3, ar_residual_variance, autocorr_first_zero_lag, harmonic_peak_ratio, dominant_peak_tpf_ratio, transimpedance, acceleration_jerk_rms"
2,XGBoost,Set B (Fold Top 20),20,"(81, 20)","(21, 20)",True,"spectral_entropy, impulse_factor, d2_energy, ar_coeff_3, margin_factor, crest_factor, shape_factor, skewness, d3_d4_subband_energy_ratio, ar_coeff_2, cross_axis_peak_delay, ar_coeff_1, cross_correlation_coeff, bivariate_orbit_radius_ratio, autocorr_first_zero_lag, phase_space_ellipsicity, kurtosis_1st_derivative, cross_spectral_centroid, kurtosis, spectral_flatness"
2,XGBoost,Set C (Fold Pruned 12),12,"(81, 12)","(21, 12)",True,"spectral_entropy, d2_energy, ar_coeff_3, d3_d4_subband_energy_ratio, cross_axis_peak_delay, ar_coeff_1, cross_correlation_coeff, bivariate_orbit_radius_ratio, autocorr_first_zero_lag, phase_space_ellipsicity, kurtosis_1st_derivative, cross_spectral_centroid"
2,XGBoost,Set E_nested (Fold Top 7),7,"(81, 7)","(21, 7)",True,"spectral_entropy, impulse_factor, d2_energy, ar_coeff_3, margin_factor, crest_factor, shape_factor"
2,XGBoost,Set E_fixed (7 Fixed High-Stab),7,"(81, 7)","(21, 7)",False,"kurtosis_1st_derivative, ar_coeff_2, d2_energy, skewness_1st_derivative, multi_axis_energy_asymmetry, d3_d4_subband_energy_ratio, coherence_at_dominant_resonant"
2,XGBoost,Set D (Fold Top 6),6,"(81, 6)","(21, 6)",True,"spectral_entropy, impulse_factor, d2_energy, ar_coeff_3, margin_factor, crest_factor"
2,LightGBM,Set A (All 48),48,"(81, 48)","(21, 48)",True,"kurtosis, skewness, crest_factor, margin_factor, shape_factor, impulse_factor, zero_crossing_rate, kurtosis_1st_derivative, skewness_1st_derivative, off_harmonic_energy_ratio, spectral_centroid, spectral_entropy, spectral_flatness, spectral_rolloff_85, spectral_spread, spectral_skewness, spectral_kurtosis, cross_correlation_coeff, cross_axis_peak_delay, bivariate_orbit_radius_ratio, coherence_at_tpf, coherence_at_dominant_resonant, cross_spectral_centroid, multi_axis_energy_asymmetry, d1_energy, d2_energy, d3_energy, d4_energy, a4_energy, wavelet_energy_entropy, d1_wavelet_kurtosis, d3_wavelet_std, d1_relative_energy, d3_d4_subband_energy_ratio, permutation_entropy, higuchi_fractal_dimension, katz_fractal_dimension, phase_space_ellipsicity, phase_space_area, ar_coeff_1, ar_coeff_2, ar_coeff_3, ar_residual_variance, autocorr_first_zero_lag, harmonic_peak_ratio, dominant_peak_tpf_ratio, transimpedance, acceleration_jerk_rms"
2,LightGBM,Set B (Fold Top 20),20,"(81, 20)","(21, 20)",True,"spectral_entropy, impulse_factor, d2_energy, ar_coeff_3, margin_factor, crest_factor, shape_factor, skewness, d3_d4_subband_energy_ratio, ar_coeff_2, cross_axis_peak_delay, ar_coeff_1, cross_correlation_coeff, bivariate_orbit_radius_ratio, autocorr_first_zero_lag, phase_space_ellipsicity, kurtosis_1st_derivative, cross_spectral_centroid, kurtosis, spectral_flatness"
2,LightGBM,Set C (Fold Pruned 12),12,"(81, 12)","(21, 12)",True,"spectral_entropy, d2_energy, ar_coeff_3, d3_d4_subband_energy_ratio, cross_axis_peak_delay, ar_coeff_1, cross_correlation_coeff, bivariate_orbit_radius_ratio, autocorr_first_zero_lag, phase_space_ellipsicity, kurtosis_1st_derivative, cross_spectral_centroid"
2,LightGBM,Set E_nested (Fold Top 7),7,"(81, 7)","(21, 7)",True,"spectral_entropy, impulse_factor, d2_energy, ar_coeff_3, margin_factor, crest_factor, shape_factor"
2,LightGBM,Set E_fixed (7 Fixed High-Stab),7,"(81, 7)","(21, 7)",False,"kurtosis_1st_derivative, ar_coeff_2, d2_energy, skewness_1st_derivative, multi_axis_energy_asymmetry, d3_d4_subband_energy_ratio, coherence_at_dominant_resonant"
2,LightGBM,Set D (Fold Top 6),6,"(81, 6)","(21, 6)",True,"spectral_entropy, impulse_factor, d2_energy, ar_coeff_3, margin_factor, crest_factor"
3,Logistic Regression,Set A (All 48),48,"(82, 48)","(20, 48)",True,"kurtosis, skewness, crest_factor, margin_factor, shape_factor, impulse_factor, zero_crossing_rate, kurtosis_1st_derivative, skewness_1st_derivative, off_harmonic_energy_ratio, spectral_centroid, spectral_entropy, spectral_flatness, spectral_rolloff_85, spectral_spread, spectral_skewness, spectral_kurtosis, cross_correlation_coeff, cross_axis_peak_delay, bivariate_orbit_radius_ratio, coherence_at_tpf, coherence_at_dominant_resonant, cross_spectral_centroid, multi_axis_energy_asymmetry, d1_energy, d2_energy, d3_energy, d4_energy, a4_energy, wavelet_energy_entropy, d1_wavelet_kurtosis, d3_wavelet_std, d1_relative_energy, d3_d4_subband_energy_ratio, permutation_entropy, higuchi_fractal_dimension, katz_fractal_dimension, phase_space_ellipsicity, phase_space_area, ar_coeff_1, ar_coeff_2, ar_coeff_3, ar_residual_variance, autocorr_first_zero_lag, harmonic_peak_ratio, dominant_peak_tpf_ratio, transimpedance, acceleration_jerk_rms"
3,Logistic Regression,Set B (Fold Top 20),20,"(82, 20)","(20, 20)",True,"ar_coeff_2, impulse_factor, spectral_entropy, d2_energy, skewness_1st_derivative, ar_coeff_3, kurtosis_1st_derivative, d3_d4_subband_energy_ratio, ar_coeff_1, cross_spectral_centroid, d3_energy, coherence_at_dominant_resonant, skewness, cross_axis_peak_delay, a4_energy, wavelet_energy_entropy, d1_relative_energy, multi_axis_energy_asymmetry, coherence_at_tpf, crest_factor"
3,Logistic Regression,Set C (Fold Pruned 12),12,"(82, 12)","(20, 12)",True,"ar_coeff_2, impulse_factor, d2_energy, skewness_1st_derivative, kurtosis_1st_derivative, d3_d4_subband_energy_ratio, cross_spectral_centroid, coherence_at_dominant_resonant, cross_axis_peak_delay, a4_energy, d1_relative_energy, multi_axis_energy_asymmetry"
3,Logistic Regression,Set E_nested (Fold Top 7),7,"(82, 7)","(20, 7)",True,"ar_coeff_2, impulse_factor, spectral_entropy, d2_energy, skewness_1st_derivative, ar_coeff_3, kurtosis_1st_derivative"
3,Logistic Regression,Set E_fixed (7 Fixed High-Stab),7,"(82, 7)","(20, 7)",True,"kurtosis_1st_derivative, ar_coeff_2, d2_energy, skewness_1st_derivative, multi_axis_energy_asymmetry, d3_d4_subband_energy_ratio, coherence_at_dominant_resonant"
3,Logistic Regression,Set D (Fold Top 6),6,"(82, 6)","(20, 6)",True,"ar_coeff_2, impulse_factor, spectral_entropy, d2_energy, skewness_1st_derivative, ar_coeff_3"
3,Random Forest,Set A (All 48),48,"(82, 48)","(20, 48)",True,"kurtosis, skewness, crest_factor, margin_factor, shape_factor, impulse_factor, zero_crossing_rate, kurtosis_1st_derivative, skewness_1st_derivative, off_harmonic_energy_ratio, spectral_centroid, spectral_entropy, spectral_flatness, spectral_rolloff_85, spectral_spread, spectral_skewness, spectral_kurtosis, cross_correlation_coeff, cross_axis_peak_delay, bivariate_orbit_radius_ratio, coherence_at_tpf, coherence_at_dominant_resonant, cross_spectral_centroid, multi_axis_energy_asymmetry, d1_energy, d2_energy, d3_energy, d4_energy, a4_energy, wavelet_energy_entropy, d1_wavelet_kurtosis, d3_wavelet_std, d1_relative_energy, d3_d4_subband_energy_ratio, permutation_entropy, higuchi_fractal_dimension, katz_fractal_dimension, phase_space_ellipsicity, phase_space_area, ar_coeff_1, ar_coeff_2, ar_coeff_3, ar_residual_variance, autocorr_first_zero_lag, harmonic_peak_ratio, dominant_peak_tpf_ratio, transimpedance, acceleration_jerk_rms"
3,Random Forest,Set B (Fold Top 20),20,"(82, 20)","(20, 20)",True,"ar_coeff_2, impulse_factor, spectral_entropy, d2_energy, skewness_1st_derivative, ar_coeff_3, kurtosis_1st_derivative, d3_d4_subband_energy_ratio, ar_coeff_1, cross_spectral_centroid, d3_energy, coherence_at_dominant_resonant, skewness, cross_axis_peak_delay, a4_energy, wavelet_energy_entropy, d1_relative_energy, multi_axis_energy_asymmetry, coherence_at_tpf, crest_factor"
3,Random Forest,Set C (Fold Pruned 12),12,"(82, 12)","(20, 12)",True,"ar_coeff_2, impulse_factor, d2_energy, skewness_1st_derivative, kurtosis_1st_derivative, d3_d4_subband_energy_ratio, cross_spectral_centroid, coherence_at_dominant_resonant, cross_axis_peak_delay, a4_energy, d1_relative_energy, multi_axis_energy_asymmetry"
3,Random Forest,Set E_nested (Fold Top 7),7,"(82, 7)","(20, 7)",True,"ar_coeff_2, impulse_factor, spectral_entropy, d2_energy, skewness_1st_derivative, ar_coeff_3, kurtosis_1st_derivative"
3,Random Forest,Set E_fixed (7 Fixed High-Stab),7,"(82, 7)","(20, 7)",True,"kurtosis_1st_derivative, ar_coeff_2, d2_energy, skewness_1st_derivative, multi_axis_energy_asymmetry, d3_d4_subband_energy_ratio, coherence_at_dominant_resonant"
3,Random Forest,Set D (Fold Top 6),6,"(82, 6)","(20, 6)",True,"ar_coeff_2, impulse_factor, spectral_entropy, d2_energy, skewness_1st_derivative, ar_coeff_3"
3,XGBoost,Set A (All 48),48,"(82, 48)","(20, 48)",True,"kurtosis, skewness, crest_factor, margin_factor, shape_factor, impulse_factor, zero_crossing_rate, kurtosis_1st_derivative, skewness_1st_derivative, off_harmonic_energy_ratio, spectral_centroid, spectral_entropy, spectral_flatness, spectral_rolloff_85, spectral_spread, spectral_skewness, spectral_kurtosis, cross_correlation_coeff, cross_axis_peak_delay, bivariate_orbit_radius_ratio, coherence_at_tpf, coherence_at_dominant_resonant, cross_spectral_centroid, multi_axis_energy_asymmetry, d1_energy, d2_energy, d3_energy, d4_energy, a4_energy, wavelet_energy_entropy, d1_wavelet_kurtosis, d3_wavelet_std, d1_relative_energy, d3_d4_subband_energy_ratio, permutation_entropy, higuchi_fractal_dimension, katz_fractal_dimension, phase_space_ellipsicity, phase_space_area, ar_coeff_1, ar_coeff_2, ar_coeff_3, ar_residual_variance, autocorr_first_zero_lag, harmonic_peak_ratio, dominant_peak_tpf_ratio, transimpedance, acceleration_jerk_rms"
3,XGBoost,Set B (Fold Top 20),20,"(82, 20)","(20, 20)",True,"ar_coeff_2, impulse_factor, spectral_entropy, d2_energy, skewness_1st_derivative, ar_coeff_3, kurtosis_1st_derivative, d3_d4_subband_energy_ratio, ar_coeff_1, cross_spectral_centroid, d3_energy, coherence_at_dominant_resonant, skewness, cross_axis_peak_delay, a4_energy, wavelet_energy_entropy, d1_relative_energy, multi_axis_energy_asymmetry, coherence_at_tpf, crest_factor"
3,XGBoost,Set C (Fold Pruned 12),12,"(82, 12)","(20, 12)",True,"ar_coeff_2, impulse_factor, d2_energy, skewness_1st_derivative, kurtosis_1st_derivative, d3_d4_subband_energy_ratio, cross_spectral_centroid, coherence_at_dominant_resonant, cross_axis_peak_delay, a4_energy, d1_relative_energy, multi_axis_energy_asymmetry"
3,XGBoost,Set E_nested (Fold Top 7),7,"(82, 7)","(20, 7)",True,"ar_coeff_2, impulse_factor, spectral_entropy, d2_energy, skewness_1st_derivative, ar_coeff_3, kurtosis_1st_derivative"
3,XGBoost,Set E_fixed (7 Fixed High-Stab),7,"(82, 7)","(20, 7)",True,"kurtosis_1st_derivative, ar_coeff_2, d2_energy, skewness_1st_derivative, multi_axis_energy_asymmetry, d3_d4_subband_energy_ratio, coherence_at_dominant_resonant"
3,XGBoost,Set D (Fold Top 6),6,"(82, 6)","(20, 6)",True,"ar_coeff_2, impulse_factor, spectral_entropy, d2_energy, skewness_1st_derivative, ar_coeff_3"
3,LightGBM,Set A (All 48),48,"(82, 48)","(20, 48)",True,"kurtosis, skewness, crest_factor, margin_factor, shape_factor, impulse_factor, zero_crossing_rate, kurtosis_1st_derivative, skewness_1st_derivative, off_harmonic_energy_ratio, spectral_centroid, spectral_entropy, spectral_flatness, spectral_rolloff_85, spectral_spread, spectral_skewness, spectral_kurtosis, cross_correlation_coeff, cross_axis_peak_delay, bivariate_orbit_radius_ratio, coherence_at_tpf, coherence_at_dominant_resonant, cross_spectral_centroid, multi_axis_energy_asymmetry, d1_energy, d2_energy, d3_energy, d4_energy, a4_energy, wavelet_energy_entropy, d1_wavelet_kurtosis, d3_wavelet_std, d1_relative_energy, d3_d4_subband_energy_ratio, permutation_entropy, higuchi_fractal_dimension, katz_fractal_dimension, phase_space_ellipsicity, phase_space_area, ar_coeff_1, ar_coeff_2, ar_coeff_3, ar_residual_variance, autocorr_first_zero_lag, harmonic_peak_ratio, dominant_peak_tpf_ratio, transimpedance, acceleration_jerk_rms"
3,LightGBM,Set B (Fold Top 20),20,"(82, 20)","(20, 20)",True,"ar_coeff_2, impulse_factor, spectral_entropy, d2_energy, skewness_1st_derivative, ar_coeff_3, kurtosis_1st_derivative, d3_d4_subband_energy_ratio, ar_coeff_1, cross_spectral_centroid, d3_energy, coherence_at_dominant_resonant, skewness, cross_axis_peak_delay, a4_energy, wavelet_energy_entropy, d1_relative_energy, multi_axis_energy_asymmetry, coherence_at_tpf, crest_factor"
3,LightGBM,Set C (Fold Pruned 12),12,"(82, 12)","(20, 12)",True,"ar_coeff_2, impulse_factor, d2_energy, skewness_1st_derivative, kurtosis_1st_derivative, d3_d4_subband_energy_ratio, cross_spectral_centroid, coherence_at_dominant_resonant, cross_axis_peak_delay, a4_energy, d1_relative_energy, multi_axis_energy_asymmetry"
3,LightGBM,Set E_nested (Fold Top 7),7,"(82, 7)","(20, 7)",True,"ar_coeff_2, impulse_factor, spectral_entropy, d2_energy, skewness_1st_derivative, ar_coeff_3, kurtosis_1st_derivative"
3,LightGBM,Set E_fixed (7 Fixed High-Stab),7,"(82, 7)","(20, 7)",True,"kurtosis_1st_derivative, ar_coeff_2, d2_energy, skewness_1st_derivative, multi_axis_energy_asymmetry, d3_d4_subband_energy_ratio, coherence_at_dominant_resonant"
3,LightGBM,Set D (Fold Top 6),6,"(82, 6)","(20, 6)",True,"ar_coeff_2, impulse_factor, spectral_entropy, d2_energy, skewness_1st_derivative, ar_coeff_3"
4,Logistic Regression,Set A (All 48),48,"(82, 48)","(20, 48)",True,"kurtosis, skewness, crest_factor, margin_factor, shape_factor, impulse_factor, zero_crossing_rate, kurtosis_1st_derivative, skewness_1st_derivative, off_harmonic_energy_ratio, spectral_centroid, spectral_entropy, spectral_flatness, spectral_rolloff_85, spectral_spread, spectral_skewness, spectral_kurtosis, cross_correlation_coeff, cross_axis_peak_delay, bivariate_orbit_radius_ratio, coherence_at_tpf, coherence_at_dominant_resonant, cross_spectral_centroid, multi_axis_energy_asymmetry, d1_energy, d2_energy, d3_energy, d4_energy, a4_energy, wavelet_energy_entropy, d1_wavelet_kurtosis, d3_wavelet_std, d1_relative_energy, d3_d4_subband_energy_ratio, permutation_entropy, higuchi_fractal_dimension, katz_fractal_dimension, phase_space_ellipsicity, phase_space_area, ar_coeff_1, ar_coeff_2, ar_coeff_3, ar_residual_variance, autocorr_first_zero_lag, harmonic_peak_ratio, dominant_peak_tpf_ratio, transimpedance, acceleration_jerk_rms"
4,Logistic Regression,Set B (Fold Top 20),20,"(82, 20)","(20, 20)",True,"ar_coeff_2, spectral_entropy, impulse_factor, multi_axis_energy_asymmetry, d2_energy, cross_correlation_coeff, kurtosis_1st_derivative, ar_coeff_1, skewness_1st_derivative, d1_relative_energy, phase_space_ellipsicity, coherence_at_dominant_resonant, skewness, kurtosis, ar_coeff_3, d3_energy, crest_factor, d3_d4_subband_energy_ratio, bivariate_orbit_radius_ratio, cross_axis_peak_delay"
4,Logistic Regression,Set C (Fold Pruned 12),12,"(82, 12)","(20, 12)",True,"ar_coeff_2, spectral_entropy, multi_axis_energy_asymmetry, d2_energy, cross_correlation_coeff, kurtosis_1st_derivative, skewness_1st_derivative, d1_relative_energy, phase_space_ellipsicity, coherence_at_dominant_resonant, d3_d4_subband_energy_ratio, bivariate_orbit_radius_ratio"
4,Logistic Regression,Set E_nested (Fold Top 7),7,"(82, 7)","(20, 7)",True,"ar_coeff_2, spectral_entropy, impulse_factor, multi_axis_energy_asymmetry, d2_energy, cross_correlation_coeff, kurtosis_1st_derivative"
4,Logistic Regression,Set E_fixed (7 Fixed High-Stab),7,"(82, 7)","(20, 7)",True,"kurtosis_1st_derivative, ar_coeff_2, d2_energy, skewness_1st_derivative, multi_axis_energy_asymmetry, d3_d4_subband_energy_ratio, coherence_at_dominant_resonant"
4,Logistic Regression,Set D (Fold Top 6),6,"(82, 6)","(20, 6)",True,"ar_coeff_2, spectral_entropy, impulse_factor, multi_axis_energy_asymmetry, d2_energy, cross_correlation_coeff"
4,Random Forest,Set A (All 48),48,"(82, 48)","(20, 48)",True,"kurtosis, skewness, crest_factor, margin_factor, shape_factor, impulse_factor, zero_crossing_rate, kurtosis_1st_derivative, skewness_1st_derivative, off_harmonic_energy_ratio, spectral_centroid, spectral_entropy, spectral_flatness, spectral_rolloff_85, spectral_spread, spectral_skewness, spectral_kurtosis, cross_correlation_coeff, cross_axis_peak_delay, bivariate_orbit_radius_ratio, coherence_at_tpf, coherence_at_dominant_resonant, cross_spectral_centroid, multi_axis_energy_asymmetry, d1_energy, d2_energy, d3_energy, d4_energy, a4_energy, wavelet_energy_entropy, d1_wavelet_kurtosis, d3_wavelet_std, d1_relative_energy, d3_d4_subband_energy_ratio, permutation_entropy, higuchi_fractal_dimension, katz_fractal_dimension, phase_space_ellipsicity, phase_space_area, ar_coeff_1, ar_coeff_2, ar_coeff_3, ar_residual_variance, autocorr_first_zero_lag, harmonic_peak_ratio, dominant_peak_tpf_ratio, transimpedance, acceleration_jerk_rms"
4,Random Forest,Set B (Fold Top 20),20,"(82, 20)","(20, 20)",True,"ar_coeff_2, spectral_entropy, impulse_factor, multi_axis_energy_asymmetry, d2_energy, cross_correlation_coeff, kurtosis_1st_derivative, ar_coeff_1, skewness_1st_derivative, d1_relative_energy, phase_space_ellipsicity, coherence_at_dominant_resonant, skewness, kurtosis, ar_coeff_3, d3_energy, crest_factor, d3_d4_subband_energy_ratio, bivariate_orbit_radius_ratio, cross_axis_peak_delay"
4,Random Forest,Set C (Fold Pruned 12),12,"(82, 12)","(20, 12)",True,"ar_coeff_2, spectral_entropy, multi_axis_energy_asymmetry, d2_energy, cross_correlation_coeff, kurtosis_1st_derivative, skewness_1st_derivative, d1_relative_energy, phase_space_ellipsicity, coherence_at_dominant_resonant, d3_d4_subband_energy_ratio, bivariate_orbit_radius_ratio"
4,Random Forest,Set E_nested (Fold Top 7),7,"(82, 7)","(20, 7)",True,"ar_coeff_2, spectral_entropy, impulse_factor, multi_axis_energy_asymmetry, d2_energy, cross_correlation_coeff, kurtosis_1st_derivative"
4,Random Forest,Set E_fixed (7 Fixed High-Stab),7,"(82, 7)","(20, 7)",True,"kurtosis_1st_derivative, ar_coeff_2, d2_energy, skewness_1st_derivative, multi_axis_energy_asymmetry, d3_d4_subband_energy_ratio, coherence_at_dominant_resonant"
4,Random Forest,Set D (Fold Top 6),6,"(82, 6)","(20, 6)",True,"ar_coeff_2, spectral_entropy, impulse_factor, multi_axis_energy_asymmetry, d2_energy, cross_correlation_coeff"
4,XGBoost,Set A (All 48),48,"(82, 48)","(20, 48)",True,"kurtosis, skewness, crest_factor, margin_factor, shape_factor, impulse_factor, zero_crossing_rate, kurtosis_1st_derivative, skewness_1st_derivative, off_harmonic_energy_ratio, spectral_centroid, spectral_entropy, spectral_flatness, spectral_rolloff_85, spectral_spread, spectral_skewness, spectral_kurtosis, cross_correlation_coeff, cross_axis_peak_delay, bivariate_orbit_radius_ratio, coherence_at_tpf, coherence_at_dominant_resonant, cross_spectral_centroid, multi_axis_energy_asymmetry, d1_energy, d2_energy, d3_energy, d4_energy, a4_energy, wavelet_energy_entropy, d1_wavelet_kurtosis, d3_wavelet_std, d1_relative_energy, d3_d4_subband_energy_ratio, permutation_entropy, higuchi_fractal_dimension, katz_fractal_dimension, phase_space_ellipsicity, phase_space_area, ar_coeff_1, ar_coeff_2, ar_coeff_3, ar_residual_variance, autocorr_first_zero_lag, harmonic_peak_ratio, dominant_peak_tpf_ratio, transimpedance, acceleration_jerk_rms"
4,XGBoost,Set B (Fold Top 20),20,"(82, 20)","(20, 20)",True,"ar_coeff_2, spectral_entropy, impulse_factor, multi_axis_energy_asymmetry, d2_energy, cross_correlation_coeff, kurtosis_1st_derivative, ar_coeff_1, skewness_1st_derivative, d1_relative_energy, phase_space_ellipsicity, coherence_at_dominant_resonant, skewness, kurtosis, ar_coeff_3, d3_energy, crest_factor, d3_d4_subband_energy_ratio, bivariate_orbit_radius_ratio, cross_axis_peak_delay"
4,XGBoost,Set C (Fold Pruned 12),12,"(82, 12)","(20, 12)",True,"ar_coeff_2, spectral_entropy, multi_axis_energy_asymmetry, d2_energy, cross_correlation_coeff, kurtosis_1st_derivative, skewness_1st_derivative, d1_relative_energy, phase_space_ellipsicity, coherence_at_dominant_resonant, d3_d4_subband_energy_ratio, bivariate_orbit_radius_ratio"
4,XGBoost,Set E_nested (Fold Top 7),7,"(82, 7)","(20, 7)",True,"ar_coeff_2, spectral_entropy, impulse_factor, multi_axis_energy_asymmetry, d2_energy, cross_correlation_coeff, kurtosis_1st_derivative"
4,XGBoost,Set E_fixed (7 Fixed High-Stab),7,"(82, 7)","(20, 7)",True,"kurtosis_1st_derivative, ar_coeff_2, d2_energy, skewness_1st_derivative, multi_axis_energy_asymmetry, d3_d4_subband_energy_ratio, coherence_at_dominant_resonant"
4,XGBoost,Set D (Fold Top 6),6,"(82, 6)","(20, 6)",True,"ar_coeff_2, spectral_entropy, impulse_factor, multi_axis_energy_asymmetry, d2_energy, cross_correlation_coeff"
4,LightGBM,Set A (All 48),48,"(82, 48)","(20, 48)",True,"kurtosis, skewness, crest_factor, margin_factor, shape_factor, impulse_factor, zero_crossing_rate, kurtosis_1st_derivative, skewness_1st_derivative, off_harmonic_energy_ratio, spectral_centroid, spectral_entropy, spectral_flatness, spectral_rolloff_85, spectral_spread, spectral_skewness, spectral_kurtosis, cross_correlation_coeff, cross_axis_peak_delay, bivariate_orbit_radius_ratio, coherence_at_tpf, coherence_at_dominant_resonant, cross_spectral_centroid, multi_axis_energy_asymmetry, d1_energy, d2_energy, d3_energy, d4_energy, a4_energy, wavelet_energy_entropy, d1_wavelet_kurtosis, d3_wavelet_std, d1_relative_energy, d3_d4_subband_energy_ratio, permutation_entropy, higuchi_fractal_dimension, katz_fractal_dimension, phase_space_ellipsicity, phase_space_area, ar_coeff_1, ar_coeff_2, ar_coeff_3, ar_residual_variance, autocorr_first_zero_lag, harmonic_peak_ratio, dominant_peak_tpf_ratio, transimpedance, acceleration_jerk_rms"
4,LightGBM,Set B (Fold Top 20),20,"(82, 20)","(20, 20)",True,"ar_coeff_2, spectral_entropy, impulse_factor, multi_axis_energy_asymmetry, d2_energy, cross_correlation_coeff, kurtosis_1st_derivative, ar_coeff_1, skewness_1st_derivative, d1_relative_energy, phase_space_ellipsicity, coherence_at_dominant_resonant, skewness, kurtosis, ar_coeff_3, d3_energy, crest_factor, d3_d4_subband_energy_ratio, bivariate_orbit_radius_ratio, cross_axis_peak_delay"
4,LightGBM,Set C (Fold Pruned 12),12,"(82, 12)","(20, 12)",True,"ar_coeff_2, spectral_entropy, multi_axis_energy_asymmetry, d2_energy, cross_correlation_coeff, kurtosis_1st_derivative, skewness_1st_derivative, d1_relative_energy, phase_space_ellipsicity, coherence_at_dominant_resonant, d3_d4_subband_energy_ratio, bivariate_orbit_radius_ratio"
4,LightGBM,Set E_nested (Fold Top 7),7,"(82, 7)","(20, 7)",True,"ar_coeff_2, spectral_entropy, impulse_factor, multi_axis_energy_asymmetry, d2_energy, cross_correlation_coeff, kurtosis_1st_derivative"
4,LightGBM,Set E_fixed (7 Fixed High-Stab),7,"(82, 7)","(20, 7)",False,"kurtosis_1st_derivative, ar_coeff_2, d2_energy, skewness_1st_derivative, multi_axis_energy_asymmetry, d3_d4_subband_energy_ratio, coherence_at_dominant_resonant"
4,LightGBM,Set D (Fold Top 6),6,"(82, 6)","(20, 6)",True,"ar_coeff_2, spectral_entropy, impulse_factor, multi_axis_energy_asymmetry, d2_energy, cross_correlation_coeff"
5,Logistic Regression,Set A (All 48),48,"(82, 48)","(20, 48)",True,"kurtosis, skewness, crest_factor, margin_factor, shape_factor, impulse_factor, zero_crossing_rate, kurtosis_1st_derivative, skewness_1st_derivative, off_harmonic_energy_ratio, spectral_centroid, spectral_entropy, spectral_flatness, spectral_rolloff_85, spectral_spread, spectral_skewness, spectral_kurtosis, cross_correlation_coeff, cross_axis_peak_delay, bivariate_orbit_radius_ratio, coherence_at_tpf, coherence_at_dominant_resonant, cross_spectral_centroid, multi_axis_energy_asymmetry, d1_energy, d2_energy, d3_energy, d4_energy, a4_energy, wavelet_energy_entropy, d1_wavelet_kurtosis, d3_wavelet_std, d1_relative_energy, d3_d4_subband_energy_ratio, permutation_entropy, higuchi_fractal_dimension, katz_fractal_dimension, phase_space_ellipsicity, phase_space_area, ar_coeff_1, ar_coeff_2, ar_coeff_3, ar_residual_variance, autocorr_first_zero_lag, harmonic_peak_ratio, dominant_peak_tpf_ratio, transimpedance, acceleration_jerk_rms"
5,Logistic Regression,Set B (Fold Top 20),20,"(82, 20)","(20, 20)",False,"impulse_factor, ar_coeff_2, d2_energy, cross_spectral_centroid, ar_coeff_3, spectral_entropy, multi_axis_energy_asymmetry, coherence_at_dominant_resonant, kurtosis_1st_derivative, phase_space_ellipsicity, d3_d4_subband_energy_ratio, skewness_1st_derivative, skewness, crest_factor, zero_crossing_rate, margin_factor, bivariate_orbit_radius_ratio, wavelet_energy_entropy, d1_relative_energy, kurtosis"
5,Logistic Regression,Set C (Fold Pruned 12),12,"(82, 12)","(20, 12)",False,"impulse_factor, ar_coeff_2, cross_spectral_centroid, multi_axis_energy_asymmetry, coherence_at_dominant_resonant, kurtosis_1st_derivative, phase_space_ellipsicity, d3_d4_subband_energy_ratio, skewness_1st_derivative, zero_crossing_rate, bivariate_orbit_radius_ratio, wavelet_energy_entropy"
5,Logistic Regression,Set E_nested (Fold Top 7),7,"(82, 7)","(20, 7)",True,"impulse_factor, ar_coeff_2, d2_energy, cross_spectral_centroid, ar_coeff_3, spectral_entropy, multi_axis_energy_asymmetry"
5,Logistic Regression,Set E_fixed (7 Fixed High-Stab),7,"(82, 7)","(20, 7)",False,"kurtosis_1st_derivative, ar_coeff_2, d2_energy, skewness_1st_derivative, multi_axis_energy_asymmetry, d3_d4_subband_energy_ratio, coherence_at_dominant_resonant"
5,Logistic Regression,Set D (Fold Top 6),6,"(82, 6)","(20, 6)",True,"impulse_factor, ar_coeff_2, d2_energy, cross_spectral_centroid, ar_coeff_3, spectral_entropy"
5,Random Forest,Set A (All 48),48,"(82, 48)","(20, 48)",True,"kurtosis, skewness, crest_factor, margin_factor, shape_factor, impulse_factor, zero_crossing_rate, kurtosis_1st_derivative, skewness_1st_derivative, off_harmonic_energy_ratio, spectral_centroid, spectral_entropy, spectral_flatness, spectral_rolloff_85, spectral_spread, spectral_skewness, spectral_kurtosis, cross_correlation_coeff, cross_axis_peak_delay, bivariate_orbit_radius_ratio, coherence_at_tpf, coherence_at_dominant_resonant, cross_spectral_centroid, multi_axis_energy_asymmetry, d1_energy, d2_energy, d3_energy, d4_energy, a4_energy, wavelet_energy_entropy, d1_wavelet_kurtosis, d3_wavelet_std, d1_relative_energy, d3_d4_subband_energy_ratio, permutation_entropy, higuchi_fractal_dimension, katz_fractal_dimension, phase_space_ellipsicity, phase_space_area, ar_coeff_1, ar_coeff_2, ar_coeff_3, ar_residual_variance, autocorr_first_zero_lag, harmonic_peak_ratio, dominant_peak_tpf_ratio, transimpedance, acceleration_jerk_rms"
5,Random Forest,Set B (Fold Top 20),20,"(82, 20)","(20, 20)",True,"impulse_factor, ar_coeff_2, d2_energy, cross_spectral_centroid, ar_coeff_3, spectral_entropy, multi_axis_energy_asymmetry, coherence_at_dominant_resonant, kurtosis_1st_derivative, phase_space_ellipsicity, d3_d4_subband_energy_ratio, skewness_1st_derivative, skewness, crest_factor, zero_crossing_rate, margin_factor, bivariate_orbit_radius_ratio, wavelet_energy_entropy, d1_relative_energy, kurtosis"
5,Random Forest,Set C (Fold Pruned 12),12,"(82, 12)","(20, 12)",True,"impulse_factor, ar_coeff_2, cross_spectral_centroid, multi_axis_energy_asymmetry, coherence_at_dominant_resonant, kurtosis_1st_derivative, phase_space_ellipsicity, d3_d4_subband_energy_ratio, skewness_1st_derivative, zero_crossing_rate, bivariate_orbit_radius_ratio, wavelet_energy_entropy"
5,Random Forest,Set E_nested (Fold Top 7),7,"(82, 7)","(20, 7)",True,"impulse_factor, ar_coeff_2, d2_energy, cross_spectral_centroid, ar_coeff_3, spectral_entropy, multi_axis_energy_asymmetry"
5,Random Forest,Set E_fixed (7 Fixed High-Stab),7,"(82, 7)","(20, 7)",False,"kurtosis_1st_derivative, ar_coeff_2, d2_energy, skewness_1st_derivative, multi_axis_energy_asymmetry, d3_d4_subband_energy_ratio, coherence_at_dominant_resonant"
5,Random Forest,Set D (Fold Top 6),6,"(82, 6)","(20, 6)",True,"impulse_factor, ar_coeff_2, d2_energy, cross_spectral_centroid, ar_coeff_3, spectral_entropy"
5,XGBoost,Set A (All 48),48,"(82, 48)","(20, 48)",True,"kurtosis, skewness, crest_factor, margin_factor, shape_factor, impulse_factor, zero_crossing_rate, kurtosis_1st_derivative, skewness_1st_derivative, off_harmonic_energy_ratio, spectral_centroid, spectral_entropy, spectral_flatness, spectral_rolloff_85, spectral_spread, spectral_skewness, spectral_kurtosis, cross_correlation_coeff, cross_axis_peak_delay, bivariate_orbit_radius_ratio, coherence_at_tpf, coherence_at_dominant_resonant, cross_spectral_centroid, multi_axis_energy_asymmetry, d1_energy, d2_energy, d3_energy, d4_energy, a4_energy, wavelet_energy_entropy, d1_wavelet_kurtosis, d3_wavelet_std, d1_relative_energy, d3_d4_subband_energy_ratio, permutation_entropy, higuchi_fractal_dimension, katz_fractal_dimension, phase_space_ellipsicity, phase_space_area, ar_coeff_1, ar_coeff_2, ar_coeff_3, ar_residual_variance, autocorr_first_zero_lag, harmonic_peak_ratio, dominant_peak_tpf_ratio, transimpedance, acceleration_jerk_rms"
5,XGBoost,Set B (Fold Top 20),20,"(82, 20)","(20, 20)",True,"impulse_factor, ar_coeff_2, d2_energy, cross_spectral_centroid, ar_coeff_3, spectral_entropy, multi_axis_energy_asymmetry, coherence_at_dominant_resonant, kurtosis_1st_derivative, phase_space_ellipsicity, d3_d4_subband_energy_ratio, skewness_1st_derivative, skewness, crest_factor, zero_crossing_rate, margin_factor, bivariate_orbit_radius_ratio, wavelet_energy_entropy, d1_relative_energy, kurtosis"
5,XGBoost,Set C (Fold Pruned 12),12,"(82, 12)","(20, 12)",False,"impulse_factor, ar_coeff_2, cross_spectral_centroid, multi_axis_energy_asymmetry, coherence_at_dominant_resonant, kurtosis_1st_derivative, phase_space_ellipsicity, d3_d4_subband_energy_ratio, skewness_1st_derivative, zero_crossing_rate, bivariate_orbit_radius_ratio, wavelet_energy_entropy"
5,XGBoost,Set E_nested (Fold Top 7),7,"(82, 7)","(20, 7)",True,"impulse_factor, ar_coeff_2, d2_energy, cross_spectral_centroid, ar_coeff_3, spectral_entropy, multi_axis_energy_asymmetry"
5,XGBoost,Set E_fixed (7 Fixed High-Stab),7,"(82, 7)","(20, 7)",True,"kurtosis_1st_derivative, ar_coeff_2, d2_energy, skewness_1st_derivative, multi_axis_energy_asymmetry, d3_d4_subband_energy_ratio, coherence_at_dominant_resonant"
5,XGBoost,Set D (Fold Top 6),6,"(82, 6)","(20, 6)",True,"impulse_factor, ar_coeff_2, d2_energy, cross_spectral_centroid, ar_coeff_3, spectral_entropy"
5,LightGBM,Set A (All 48),48,"(82, 48)","(20, 48)",True,"kurtosis, skewness, crest_factor, margin_factor, shape_factor, impulse_factor, zero_crossing_rate, kurtosis_1st_derivative, skewness_1st_derivative, off_harmonic_energy_ratio, spectral_centroid, spectral_entropy, spectral_flatness, spectral_rolloff_85, spectral_spread, spectral_skewness, spectral_kurtosis, cross_correlation_coeff, cross_axis_peak_delay, bivariate_orbit_radius_ratio, coherence_at_tpf, coherence_at_dominant_resonant, cross_spectral_centroid, multi_axis_energy_asymmetry, d1_energy, d2_energy, d3_energy, d4_energy, a4_energy, wavelet_energy_entropy, d1_wavelet_kurtosis, d3_wavelet_std, d1_relative_energy, d3_d4_subband_energy_ratio, permutation_entropy, higuchi_fractal_dimension, katz_fractal_dimension, phase_space_ellipsicity, phase_space_area, ar_coeff_1, ar_coeff_2, ar_coeff_3, ar_residual_variance, autocorr_first_zero_lag, harmonic_peak_ratio, dominant_peak_tpf_ratio, transimpedance, acceleration_jerk_rms"
5,LightGBM,Set B (Fold Top 20),20,"(82, 20)","(20, 20)",True,"impulse_factor, ar_coeff_2, d2_energy, cross_spectral_centroid, ar_coeff_3, spectral_entropy, multi_axis_energy_asymmetry, coherence_at_dominant_resonant, kurtosis_1st_derivative, phase_space_ellipsicity, d3_d4_subband_energy_ratio, skewness_1st_derivative, skewness, crest_factor, zero_crossing_rate, margin_factor, bivariate_orbit_radius_ratio, wavelet_energy_entropy, d1_relative_energy, kurtosis"
5,LightGBM,Set C (Fold Pruned 12),12,"(82, 12)","(20, 12)",False,"impulse_factor, ar_coeff_2, cross_spectral_centroid, multi_axis_energy_asymmetry, coherence_at_dominant_resonant, kurtosis_1st_derivative, phase_space_ellipsicity, d3_d4_subband_energy_ratio, skewness_1st_derivative, zero_crossing_rate, bivariate_orbit_radius_ratio, wavelet_energy_entropy"
5,LightGBM,Set E_nested (Fold Top 7),7,"(82, 7)","(20, 7)",True,"impulse_factor, ar_coeff_2, d2_energy, cross_spectral_centroid, ar_coeff_3, spectral_entropy, multi_axis_energy_asymmetry"
5,LightGBM,Set E_fixed (7 Fixed High-Stab),7,"(82, 7)","(20, 7)",True,"kurtosis_1st_derivative, ar_coeff_2, d2_energy, skewness_1st_derivative, multi_axis_energy_asymmetry, d3_d4_subband_energy_ratio, coherence_at_dominant_resonant"
5,LightGBM,Set D (Fold Top 6),6,"(82, 6)","(20, 6)",True,"impulse_factor, ar_coeff_2, d2_energy, cross_spectral_centroid, ar_coeff_3, spectral_entropy"
